"0","Bar including","Debate front free long hot.","Sports","https://picsum.photos/seed/1/300/300"
"1","Hot audience machine","Just ability dinner.","Books","https://picsum.photos/seed/2/300/300"
"2","Machine our","Community two back better our authority.","Toys","https://picsum.photos/seed/3/300/300"
"3","Ever seek plan one","Mission score stay question population process future.","Home","https://picsum.photos/seed/4/300/300"
"4","Establish process","Idea accept not.","Books","https://picsum.photos/seed/5/300/300"
"5","Should two meet","Past stage reach story case establish cost buy.","Sports","https://picsum.photos/seed/6/300/300"
"6","Bar last generation","Century go east.","Electronics","https://picsum.photos/seed/1/300/300"
"7","Task trip already","Within threat black president heart.","Beauty","https://picsum.photos/seed/2/300/300"
"8","Game good fish money","Product majority rest culture analysis.","Beauty","https://picsum.photos/seed/3/300/300"
"9","Perhaps old third","Treatment early wait agency change.","Home","https://picsum.photos/seed/4/300/300"
"10","Trouble image wind","Project affect unit girl nor range statement religious.","Beauty","https://picsum.photos/seed/5/300/300"
"11","Development section medical effect mention","Represent section performance gas wind specific.","Beauty","https://picsum.photos/seed/6/300/300"
"12","Her fly professional identify stand","Record wide suddenly game least tend throughout.","Outdoors","https://picsum.photos/seed/1/300/300"
"13","Suddenly eight clear environmental near","Meet a growth bill during professional.","Home","https://picsum.photos/seed/2/300/300"
"14","Accept stay","Note quite term try wait side part.","Toys","https://picsum.photos/seed/3/300/300"
"15","Leave provide story","Theory history design institution probably.","Clothing","https://picsum.photos/seed/4/300/300"
"16","Author somebody car","Both bill situation war.","Beauty","https://picsum.photos/seed/5/300/300"
"17","Moment price","Simply research matter ever stock.","Sports","https://picsum.photos/seed/6/300/300"
"18","Reduce recent look audience generation","Onto figure common.","Sports","https://picsum.photos/seed/1/300/300"
"19","Move record","Sister relationship plan your participant sit I.","Books","https://picsum.photos/seed/2/300/300"
"20","Happen society meet many decade","Line other effort school about television.","Outdoors","https://picsum.photos/seed/3/300/300"
"21","Would author pressure","Some stay TV.","Toys","https://picsum.photos/seed/4/300/300"
"22","Third three sister cut product","Home employee month fund cell change.","Beauty","https://picsum.photos/seed/5/300/300"
"23","Establish go","Teacher once style measure.","Home","https://picsum.photos/seed/6/300/300"
"24","Too nor book list","Ten effort kitchen into data miss.","Outdoors","https://picsum.photos/seed/1/300/300"
"25","Machine candidate loss","Year particular maybe within almost clearly.","Beauty","https://picsum.photos/seed/2/300/300"
"26","Marriage performance idea opportunity","Century energy reduce old with left.","Clothing","https://picsum.photos/seed/3/300/300"
"27","Say statement stay performance Mrs","Identify carry minute parent money huge heart forward.","Beauty","https://picsum.photos/seed/4/300/300"
"28","Lay take call machine","Several scientist relate woman.","Beauty","https://picsum.photos/seed/5/300/300"
"29","Size offer consumer","Kind development impact plant conference and perform.","Home","https://picsum.photos/seed/6/300/300"
"30","Matter some man","Always response long star street line.","Outdoors","https://picsum.photos/seed/1/300/300"
"31","Morning pretty live whether every","Themselves author direction.","Sports","https://picsum.photos/seed/2/300/300"
"32","Political population wrong","Suffer myself direction message age hand conference.","Toys","https://picsum.photos/seed/3/300/300"
"33","Art prove ready southern","Work fill him protect information task light result.","Books","https://picsum.photos/seed/4/300/300"
"34","Thought time peace","Office score four force.","Toys","https://picsum.photos/seed/5/300/300"
"35","Kitchen bag read","Crime water miss keep figure produce.","Electronics","https://picsum.photos/seed/6/300/300"
"36","Pattern a article","Wind method gun go base sign this strong.","Electronics","https://picsum.photos/seed/1/300/300"
"37","Arrive attention to","Free baby opportunity environmental certain size oil.","Sports","https://picsum.photos/seed/2/300/300"
"38","Accept nation into however his","Money kind quickly grow.","Outdoors","https://picsum.photos/seed/3/300/300"
"39","Threat house her move","Conference type start.","Toys","https://picsum.photos/seed/4/300/300"
"40","Well arm participant government","Fact past present fine fear big watch.","Outdoors","https://picsum.photos/seed/5/300/300"
"41","Reduce skill","Hard according east threat year.","Sports","https://picsum.photos/seed/6/300/300"
"42","Summer color information south","Pattern concern toward fast spring produce.","Beauty","https://picsum.photos/seed/1/300/300"
"43","Fine over red teach time","Rest sound help day reality decade.","Beauty","https://picsum.photos/seed/2/300/300"
"44","Direction security window send","When seven card safe significant first sing.","Electronics","https://picsum.photos/seed/3/300/300"
"45","Raise report heart heart that","Either hard figure.","Toys","https://picsum.photos/seed/4/300/300"
"46","It ask information season eat","Family story yet occur lot hit.","Beauty","https://picsum.photos/seed/5/300/300"
"47","Painting camera film leave","They film leader edge clearly voice region.","Electronics","https://picsum.photos/seed/6/300/300"
"48","Understand contain put information cut","Time option a.","Beauty","https://picsum.photos/seed/1/300/300"
"49","Better court name among","Require explain call newspaper get newspaper.","Sports","https://picsum.photos/seed/2/300/300"
"50","Include positive join plant ever","Able far sing hand.","Toys","https://picsum.photos/seed/3/300/300"
"51","People culture","Certain cut memory.","Toys","https://picsum.photos/seed/4/300/300"
"52","Recent blue politics firm","Conference mouth dog magazine particularly behavior north discuss.","Beauty","https://picsum.photos/seed/5/300/300"
"53","Method know not","Them general family science though another.","Books","https://picsum.photos/seed/6/300/300"
"54","East mind","Sell nature door.","Sports","https://picsum.photos/seed/1/300/300"
"55","Become push ball better","Matter physical identify garden piece sign.","Outdoors","https://picsum.photos/seed/2/300/300"
"56","Myself carry","All TV imagine common level let.","Beauty","https://picsum.photos/seed/3/300/300"
"57","Performance simply put detail spring","East than parent indicate.","Outdoors","https://picsum.photos/seed/4/300/300"
"58","This purpose wrong","Blue manage player administration choose population appear remember.","Books","https://picsum.photos/seed/5/300/300"
"59","Its someone point","Clearly young against wish where.","Electronics","https://picsum.photos/seed/6/300/300"
"60","Husband point save","Southern size run reason act left hundred.","Electronics","https://picsum.photos/seed/1/300/300"
"61","Relate theory magazine cup","Less food study hit brother.","Toys","https://picsum.photos/seed/2/300/300"
"62","His participant nation","Find west include environment president station.","Toys","https://picsum.photos/seed/3/300/300"
"63","Glass PM","Loss rock notice play green understand media.","Sports","https://picsum.photos/seed/4/300/300"
"64","Toward discover","Film these issue everyone camera.","Sports","https://picsum.photos/seed/5/300/300"
"65","Partner daughter wind","Today matter partner necessary that adult reveal.","Clothing","https://picsum.photos/seed/6/300/300"
"66","Offer much charge","Process right fight stay player degree window.","Outdoors","https://picsum.photos/seed/1/300/300"
"67","Exactly reach difficult","Deal strong always single test operation.","Sports","https://picsum.photos/seed/2/300/300"
"68","Trip song sure","Model report manage.","Sports","https://picsum.photos/seed/3/300/300"
"69","Ground information","Hear remember similar rise employee music suggest.","Beauty","https://picsum.photos/seed/4/300/300"
"70","Fact safe about response heart","Those marriage look hand somebody citizen.","Toys","https://picsum.photos/seed/5/300/300"
"71","Each black set third situation","Few let reveal difficult article.","Books","https://picsum.photos/seed/6/300/300"
"72","Out whom free","Work low plan education which important visit.","Electronics","https://picsum.photos/seed/1/300/300"
"73","Audience story debate provide","Style kind win.","Outdoors","https://picsum.photos/seed/2/300/300"
"74","Week along change determine","Task animal Mrs usually.","Beauty","https://picsum.photos/seed/3/300/300"
"75","Gun describe","Audience customer score finally ahead when value.","Books","https://picsum.photos/seed/4/300/300"
"76","Unit gas personal","Article technology later.","Toys","https://picsum.photos/seed/5/300/300"
"77","Amount middle","Nearly drop quickly network.","Sports","https://picsum.photos/seed/6/300/300"
"78","Determine action","Too laugh door.","Outdoors","https://picsum.photos/seed/1/300/300"
"79","Window that","Quickly involve of service drive attack.","Toys","https://picsum.photos/seed/2/300/300"
"80","Hot Congress wear fall","Energy defense tax discuss according structure follow attention.","Electronics","https://picsum.photos/seed/3/300/300"
"81","Late manager ever quality","Common over next education because.","Clothing","https://picsum.photos/seed/4/300/300"
"82","Whole more understand as","Politics enter enough knowledge impact relationship.","Toys","https://picsum.photos/seed/5/300/300"
"83","Though bill chance","Most new oil special success fish hundred.","Home","https://picsum.photos/seed/6/300/300"
"84","Recently similar","Air easy dark.","Sports","https://picsum.photos/seed/1/300/300"
"85","Democratic organization","Get myself industry billion.","Outdoors","https://picsum.photos/seed/2/300/300"
"86","Think own grow","Only four a decision.","Books","https://picsum.photos/seed/3/300/300"
"87","Parent nor make development","Try gun national minute trial water exist.","Clothing","https://picsum.photos/seed/4/300/300"
"88","Above environmental","Power hour court pretty arm number moment.","Electronics","https://picsum.photos/seed/5/300/300"
"89","Market east movie present","Article alone kid important risk executive success top.","Home","https://picsum.photos/seed/6/300/300"
"90","Support black","Teach with food clearly society should think.","Electronics","https://picsum.photos/seed/1/300/300"
"91","Child surface","What someone himself history.","Beauty","https://picsum.photos/seed/2/300/300"
"92","Very mother report finally","Staff why college me fast bit hope service.","Beauty","https://picsum.photos/seed/3/300/300"
"93","Result to","Decade raise issue seek begin phone.","Outdoors","https://picsum.photos/seed/4/300/300"
"94","During subject","Yes both edge apply spring.","Clothing","https://picsum.photos/seed/5/300/300"
"95","Heavy movement hear decide support","Music see business consider.","Clothing","https://picsum.photos/seed/6/300/300"
"96","Decision room fine scene","Above research job successful animal no take many.","Books","https://picsum.photos/seed/1/300/300"
"97","Least sort rise","Hotel thank Democrat.","Toys","https://picsum.photos/seed/2/300/300"
"98","Truth become build","To whose return war address guy.","Sports","https://picsum.photos/seed/3/300/300"
"99","Tell hospital also billion reality","Time democratic perform tonight realize rate staff.","Clothing","https://picsum.photos/seed/4/300/300"
"100","Fly fact world water","Share toward thousand couple image understand others.","Clothing","https://picsum.photos/seed/5/300/300"
"101","Development view seat","Important social artist hot work.","Electronics","https://picsum.photos/seed/6/300/300"
"102","Bill both after analysis","Want whatever no century behind successful.","Electronics","https://picsum.photos/seed/1/300/300"
"103","Day door sit authority","Simply some decide keep he.","Beauty","https://picsum.photos/seed/2/300/300"
"104","Road resource action home","Low view statement account soon I within candidate.","Outdoors","https://picsum.photos/seed/3/300/300"
"105","Professional positive must","Indicate foot theory.","Toys","https://picsum.photos/seed/4/300/300"
"106","Concern pressure season treat","First crime onto star board show.","Sports","https://picsum.photos/seed/5/300/300"
"107","Account consumer feeling","Tv from opportunity wife travel well.","Beauty","https://picsum.photos/seed/6/300/300"
"108","Easy put","Some although middle reach plant.","Clothing","https://picsum.photos/seed/1/300/300"
"109","Teach note word be","Career whatever ten far available.","Clothing","https://picsum.photos/seed/2/300/300"
"110","Cause onto worker mother other","No from technology away.","Books","https://picsum.photos/seed/3/300/300"
"111","Stock story glass employee listen","Each tend serve far glass.","Toys","https://picsum.photos/seed/4/300/300"
"112","Force wall organization certain","Fight worry cell foot night.","Clothing","https://picsum.photos/seed/5/300/300"
"113","Front pass source project","Civil every agree bad else.","Beauty","https://picsum.photos/seed/6/300/300"
"114","Thousand career professor ready","Order indeed group now.","Clothing","https://picsum.photos/seed/1/300/300"
"115","Really table today yet","Figure enter hospital capital.","Toys","https://picsum.photos/seed/2/300/300"
"116","Case military turn","Threat hand social some man.","Electronics","https://picsum.photos/seed/3/300/300"
"117","Everyone involve never only","Year affect reveal bad experience.","Sports","https://picsum.photos/seed/4/300/300"
"118","Wonder until","Most week enjoy best high represent they language.","Electronics","https://picsum.photos/seed/5/300/300"
"119","Social clear market","Fall cover character president defense.","Books","https://picsum.photos/seed/6/300/300"
"120","Force rather choice","Baby just movement interesting seat language Mrs raise.","Clothing","https://picsum.photos/seed/1/300/300"
"121","Everyone official up material","Beautiful attention its game follow.","Books","https://picsum.photos/seed/2/300/300"
"122","Yet most walk study","Gas personal this certainly.","Beauty","https://picsum.photos/seed/3/300/300"
"123","Sign economic experience","Mind mother building.","Electronics","https://picsum.photos/seed/4/300/300"
"124","Continue number imagine","Later image meet small.","Outdoors","https://picsum.photos/seed/5/300/300"
"125","Become assume police sister","Base that his hotel.","Toys","https://picsum.photos/seed/6/300/300"
"126","Gas sort manage","Maybe figure off reason watch argue.","Books","https://picsum.photos/seed/1/300/300"
"127","Ever idea edge response cultural","Sound task concern than establish series development.","Toys","https://picsum.photos/seed/2/300/300"
"128","Information least imagine","Because account final discover success reach.","Books","https://picsum.photos/seed/3/300/300"
"129","Throughout commercial interest","Suggest wish travel admit allow reduce everybody especially.","Toys","https://picsum.photos/seed/4/300/300"
"130","Baby against despite","Protect property red month truth follow particular.","Clothing","https://picsum.photos/seed/5/300/300"
"131","Machine network value require","Not nor leg sister oil blue whatever answer.","Electronics","https://picsum.photos/seed/6/300/300"
"132","International trouble","Deal follow join opportunity writer manager statement.","Clothing","https://picsum.photos/seed/1/300/300"
"133","Them imagine religious","Realize air school yourself near.","Beauty","https://picsum.photos/seed/2/300/300"
"134","Protect huge","House himself feeling evening center official product.","Beauty","https://picsum.photos/seed/3/300/300"
"135","Meeting half wait","Down head class.","Clothing","https://picsum.photos/seed/4/300/300"
"136","Simply to miss light after","Condition join record car fear measure south.","Books","https://picsum.photos/seed/5/300/300"
"137","Would magazine author","Off tough difference impact management practice.","Clothing","https://picsum.photos/seed/6/300/300"
"138","Result interesting","Couple go up town end realize.","Beauty","https://picsum.photos/seed/1/300/300"
"139","Space usually","Mean approach example short available.","Toys","https://picsum.photos/seed/2/300/300"
"140","Attack money natural spend pass","Court realize rest oil.","Electronics","https://picsum.photos/seed/3/300/300"
"141","Fish reflect price make","Health Republican we that about.","Home","https://picsum.photos/seed/4/300/300"
"142","Computer fear we","Work year third policy doctor the station.","Electronics","https://picsum.photos/seed/5/300/300"
"143","Candidate best small hold still","Key TV sort cultural at.","Books","https://picsum.photos/seed/6/300/300"
"144","Sit interesting television money student","Pay quality likely report nearly help them.","Clothing","https://picsum.photos/seed/1/300/300"
"145","Strategy success list campaign happen","Record right conference tonight fight study.","Home","https://picsum.photos/seed/2/300/300"
"146","Character court its property trade","Face successful upon TV police.","Outdoors","https://picsum.photos/seed/3/300/300"
"147","Reason every focus","Computer garden free back.","Beauty","https://picsum.photos/seed/4/300/300"
"148","Think agent record structure","Go year garden leave world science reflect second.","Outdoors","https://picsum.photos/seed/5/300/300"
"149","Suffer land lot","Teacher section present when institution.","Electronics","https://picsum.photos/seed/6/300/300"
"150","Which impact parent story","Degree cultural rule including physical safe.","Beauty","https://picsum.photos/seed/1/300/300"
"151","Former picture western","Side air position.","Toys","https://picsum.photos/seed/2/300/300"
"152","Discussion determine reflect onto prepare","Admit how fall stuff if guess owner on.","Clothing","https://picsum.photos/seed/3/300/300"
"153","Set four free behind condition","Couple language clearly push control.","Electronics","https://picsum.photos/seed/4/300/300"
"154","Door bar save","Past occur for always follow boy would.","Outdoors","https://picsum.photos/seed/5/300/300"
"155","Officer everybody off special","Play crime produce nature sea.","Outdoors","https://picsum.photos/seed/6/300/300"
"156","Shake agree","Avoid population leave.","Clothing","https://picsum.photos/seed/1/300/300"
"157","Civil near to where","Control suffer letter at term spend agree.","Toys","https://picsum.photos/seed/2/300/300"
"158","Back anything leg state strategy","Occur surface keep role.","Electronics","https://picsum.photos/seed/3/300/300"
"159","Analysis health business","Market voice art by will leader.","Outdoors","https://picsum.photos/seed/4/300/300"
"160","Music others administration unit","Body media discover easy agent professor.","Clothing","https://picsum.photos/seed/5/300/300"
"161","Show party","Half firm fish onto anyone.","Outdoors","https://picsum.photos/seed/6/300/300"
"162","Often usually","Foreign long medical understand political girl thought analysis.","Books","https://picsum.photos/seed/1/300/300"
"163","Girl sure fund","Once explain very perhaps rock.","Outdoors","https://picsum.photos/seed/2/300/300"
"164","Up charge else","Suffer should rest.","Outdoors","https://picsum.photos/seed/3/300/300"
"165","Beyond road","Thank possible dream cover since.","Clothing","https://picsum.photos/seed/4/300/300"
"166","Team suggest executive","Talk officer tend include increase discuss no.","Clothing","https://picsum.photos/seed/5/300/300"
"167","Tough floor","Indeed send girl likely eat bring fly.","Electronics","https://picsum.photos/seed/6/300/300"
"168","Few majority past camera","Particular bit economic.","Home","https://picsum.photos/seed/1/300/300"
"169","Fine rock information","Single address explain never.","Clothing","https://picsum.photos/seed/2/300/300"
"170","Operation stay different down sit","Term develop at man.","Books","https://picsum.photos/seed/3/300/300"
"171","The sometimes interesting him","Theory let pattern part which try.","Toys","https://picsum.photos/seed/4/300/300"
"172","Several president yard","Society young break feeling level his create.","Sports","https://picsum.photos/seed/5/300/300"
"173","Specific apply","From race street perform drop recent.","Clothing","https://picsum.photos/seed/6/300/300"
"174","Tv direction job","Individual reach four brother other tree away.","Toys","https://picsum.photos/seed/1/300/300"
"175","Scientist any turn blue","List improve serious design.","Toys","https://picsum.photos/seed/2/300/300"
"176","Color between skill","Face clearly than.","Books","https://picsum.photos/seed/3/300/300"
"177","Charge recognize home create","Health notice bit set special ago impact.","Home","https://picsum.photos/seed/4/300/300"
"178","What sign memory","Night debate say professional within allow eat.","Toys","https://picsum.photos/seed/5/300/300"
"179","Painting at","Pay already agree until.","Toys","https://picsum.photos/seed/6/300/300"
"180","Sport get what Democrat","Simply somebody along could carry especially just.","Books","https://picsum.photos/seed/1/300/300"
"181","Local even environmental score","Whom pick very southern thus he.","Clothing","https://picsum.photos/seed/2/300/300"
"182","Certainly policy","Kid society quickly daughter country.","Sports","https://picsum.photos/seed/3/300/300"
"183","Environment edge name","Effort long pattern catch woman.","Outdoors","https://picsum.photos/seed/4/300/300"
"184","Agreement former phone","Word if light alone represent development perhaps.","Sports","https://picsum.photos/seed/5/300/300"
"185","Accept popular line stage","Member must memory resource policy.","Beauty","https://picsum.photos/seed/6/300/300"
"186","Major step along marriage east","Cut life fear boy.","Electronics","https://picsum.photos/seed/1/300/300"
"187","American case power teacher","Fine here let party explain big list.","Sports","https://picsum.photos/seed/2/300/300"
"188","Best mention","Once success four into lay game huge.","Outdoors","https://picsum.photos/seed/3/300/300"
"189","Item never","Season course campaign power why.","Outdoors","https://picsum.photos/seed/4/300/300"
"190","She trade federal answer","Foreign though during admit card author.","Toys","https://picsum.photos/seed/5/300/300"
"191","Rule bag offer","Offer suddenly consumer history toward.","Electronics","https://picsum.photos/seed/6/300/300"
"192","Relate sea skill behind light","Matter different left scientist truth.","Beauty","https://picsum.photos/seed/1/300/300"
"193","Need generation social similar","Exactly sense threat about.","Beauty","https://picsum.photos/seed/2/300/300"
"194","Purpose case well","Seat meet quality offer.","Clothing","https://picsum.photos/seed/3/300/300"
"195","History hotel leader","Federal board data newspaper I wide campaign might.","Home","https://picsum.photos/seed/4/300/300"
"196","Throw step information set","Employee size pretty admit alone option.","Toys","https://picsum.photos/seed/5/300/300"
"197","Car break early","Can election morning reflect school couple.","Home","https://picsum.photos/seed/6/300/300"
"198","Turn mean power","Animal pass find man fast.","Toys","https://picsum.photos/seed/1/300/300"
"199","Great a campaign source","Design rise organization also.","Toys","https://picsum.photos/seed/2/300/300"
"200","Run behavior","Court leg many effort station.","Clothing","https://picsum.photos/seed/3/300/300"
"201","Foot face pay customer","Wife as from south detail.","Toys","https://picsum.photos/seed/4/300/300"
"202","From run manager cell","Pm really effect culture.","Beauty","https://picsum.photos/seed/5/300/300"
"203","Executive in movement may","Do class door believe expect election.","Clothing","https://picsum.photos/seed/6/300/300"
"204","Exist pass foot bit","Right together coach production professor past.","Books","https://picsum.photos/seed/1/300/300"
"205","Institution others home job","Case attack break keep.","Home","https://picsum.photos/seed/2/300/300"
"206","South plan yard foot","Some color step account join.","Books","https://picsum.photos/seed/3/300/300"
"207","Rather many Mr","Glass picture run quite since population.","Sports","https://picsum.photos/seed/4/300/300"
"208","Send state","Behavior travel kitchen carry movement law.","Clothing","https://picsum.photos/seed/5/300/300"
"209","Line attention take","Letter stop foreign indeed within.","Home","https://picsum.photos/seed/6/300/300"
"210","Professional sometimes still rest raise","Case talk provide risk expert key many.","Electronics","https://picsum.photos/seed/1/300/300"
"211","Business community any eat","Culture represent baby.","Sports","https://picsum.photos/seed/2/300/300"
"212","Within middle name","Past if race town town.","Clothing","https://picsum.photos/seed/3/300/300"
"213","It draw find action with","Question manager pass arm couple building animal.","Books","https://picsum.photos/seed/4/300/300"
"214","Fund agreement relate decision","Where change brother spend.","Electronics","https://picsum.photos/seed/5/300/300"
"215","Poor out","Say event number local central.","Clothing","https://picsum.photos/seed/6/300/300"
"216","Middle decade player by term","Central explain say arrive street.","Books","https://picsum.photos/seed/1/300/300"
"217","Recognize she father despite","Card culture help official.","Outdoors","https://picsum.photos/seed/2/300/300"
"218","International when","Play have whole building newspaper candidate natural.","Outdoors","https://picsum.photos/seed/3/300/300"
"219","Nice stock success","Image free green name list lay.","Beauty","https://picsum.photos/seed/4/300/300"
"220","Hundred country how down final","Art so level.","Beauty","https://picsum.photos/seed/5/300/300"
"221","Police people","Suggest become ever play total.","Clothing","https://picsum.photos/seed/6/300/300"
"222","Catch huge","Item life song somebody.","Home","https://picsum.photos/seed/1/300/300"
"223","Old plan eight ahead stock","Laugh all art poor foreign term.","Beauty","https://picsum.photos/seed/2/300/300"
"224","Hospital effort store current","Across career hotel environment prepare tax money.","Home","https://picsum.photos/seed/3/300/300"
"225","Care method wide scene upon","Public hear fall bit.","Books","https://picsum.photos/seed/4/300/300"
"226","Write certain wide give front","Lose sing player old trouble individual recognize.","Outdoors","https://picsum.photos/seed/5/300/300"
"227","Position water","Tough moment soldier around oil.","Books","https://picsum.photos/seed/6/300/300"
"228","Low fact nature brother on","Culture generation argue.","Outdoors","https://picsum.photos/seed/1/300/300"
"229","Available minute floor may water","Game quite own key newspaper theory.","Toys","https://picsum.photos/seed/2/300/300"
"230","Free product","Present possible single successful.","Sports","https://picsum.photos/seed/3/300/300"
"231","Political natural road","Feeling none name situation west remain so.","Home","https://picsum.photos/seed/4/300/300"
"232","Ball young carry investment","Bed cover white common author hot role.","Clothing","https://picsum.photos/seed/5/300/300"
"233","So provide old clearly","Campaign check factor.","Sports","https://picsum.photos/seed/6/300/300"
"234","Theory sell our for force","That real share computer politics nothing military.","Home","https://picsum.photos/seed/1/300/300"
"235","Hospital lead will","Election serve sea PM.","Outdoors","https://picsum.photos/seed/2/300/300"
"236","Dream last within","Across could positive organization each do consumer bed.","Books","https://picsum.photos/seed/3/300/300"
"237","Popular or benefit represent who","Attorney off human eat guess black past.","Beauty","https://picsum.photos/seed/4/300/300"
"238","Foreign interesting hold level audience","Ahead suffer process radio.","Clothing","https://picsum.photos/seed/5/300/300"
"239","Boy some away","Development always simply shake special.","Sports","https://picsum.photos/seed/6/300/300"
"240","Each certainly season region","Quickly common decade doctor life.","Home","https://picsum.photos/seed/1/300/300"
"241","Ground chair consider yeah","Positive fast fight direction challenge.","Electronics","https://picsum.photos/seed/2/300/300"
"242","Later manage","Buy have couple environment.","Books","https://picsum.photos/seed/3/300/300"
"243","Size author year letter fast","Ground everything develop role base down.","Toys","https://picsum.photos/seed/4/300/300"
"244","Business our view herself","Nearly play success role partner management room safe.","Books","https://picsum.photos/seed/5/300/300"
"245","Little argue reason","First collection whether issue story choice however tax.","Electronics","https://picsum.photos/seed/6/300/300"
"246","Do may bad important second","Win form great doctor.","Books","https://picsum.photos/seed/1/300/300"
"247","Stay parent behavior each data","Firm after participant soon watch for others.","Books","https://picsum.photos/seed/2/300/300"
"248","Eat after piece news Mrs","Arm ready foreign whose us strategy.","Toys","https://picsum.photos/seed/3/300/300"
"249","Determine Republican he indeed","Happen author civil stage possible.","Beauty","https://picsum.photos/seed/4/300/300"
"250","Mission way here year toward","Sort heavy degree wonder make.","Sports","https://picsum.photos/seed/5/300/300"
"251","Hospital account mean","Piece stop benefit road north speech reason shoulder.","Electronics","https://picsum.photos/seed/6/300/300"
"252","Election line meet","Save goal task mention author risk million.","Toys","https://picsum.photos/seed/1/300/300"
"253","Minute dinner at hold","Spend story the partner positive single produce.","Electronics","https://picsum.photos/seed/2/300/300"
"254","Sister yet fast","Nothing site class class at former.","Outdoors","https://picsum.photos/seed/3/300/300"
"255","Yeah save tonight million themselves","Accept main doctor ability.","Beauty","https://picsum.photos/seed/4/300/300"
"256","Marriage nation way","Exist paper as enter camera special national.","Home","https://picsum.photos/seed/5/300/300"
"257","Lose organization","Method rate wife again significant share.","Home","https://picsum.photos/seed/6/300/300"
"258","Blue remember account","Thank college discover first high wind.","Toys","https://picsum.photos/seed/1/300/300"
"259","Goal pretty fall clear","Hotel develop fund building.","Beauty","https://picsum.photos/seed/2/300/300"
"260","Gun trip one","Professor drive team into arm relate.","Electronics","https://picsum.photos/seed/3/300/300"
"261","Put entire PM able","Remain fact sense decade hear wide their south.","Clothing","https://picsum.photos/seed/4/300/300"
"262","Interest program","Certainly skill white play affect.","Home","https://picsum.photos/seed/5/300/300"
"263","Not executive","Us back each decide.","Outdoors","https://picsum.photos/seed/6/300/300"
"264","All herself","Than occur occur travel beyond.","Toys","https://picsum.photos/seed/1/300/300"
"265","Debate him alone suggest","Interest meet paper.","Electronics","https://picsum.photos/seed/2/300/300"
"266","Across expert","Vote final walk range international.","Sports","https://picsum.photos/seed/3/300/300"
"267","None many house","Public grow activity agreement painting environmental executive successful.","Books","https://picsum.photos/seed/4/300/300"
"268","Improve value per enough","Song happen Congress friend green.","Toys","https://picsum.photos/seed/5/300/300"
"269","Serve since unit","Far couple none community industry admit.","Electronics","https://picsum.photos/seed/6/300/300"
"270","City mother last score","Car image under miss Mr effect.","Beauty","https://picsum.photos/seed/1/300/300"
"271","Interesting eat be","Positive through yard.","Beauty","https://picsum.photos/seed/2/300/300"
"272","Fish road","Collection reduce industry interview international continue baby foot.","Toys","https://picsum.photos/seed/3/300/300"
"273","First himself idea","Thought could about region.","Toys","https://picsum.photos/seed/4/300/300"
"274","Think maintain camera two","Today clearly occur scene stand.","Books","https://picsum.photos/seed/5/300/300"
"275","Him window","Daughter fill product station.","Books","https://picsum.photos/seed/6/300/300"
"276","Player any dark","Trial generation community ball.","Sports","https://picsum.photos/seed/1/300/300"
"277","Idea heart camera might","Bit dinner join ahead church responsibility.","Outdoors","https://picsum.photos/seed/2/300/300"
"278","Boy move skill","Join interest few catch movie.","Toys","https://picsum.photos/seed/3/300/300"
"279","Exist television","Opportunity memory discussion.","Outdoors","https://picsum.photos/seed/4/300/300"
"280","Bed option half whose model","Citizen detail quickly involve year already partner.","Home","https://picsum.photos/seed/5/300/300"
"281","Wear each","Cost fire else feel fly season.","Beauty","https://picsum.photos/seed/6/300/300"
"282","Opportunity mouth","Life than two since any cause computer.","Clothing","https://picsum.photos/seed/1/300/300"
"283","Dream sell","Visit stand mother get safe paper.","Toys","https://picsum.photos/seed/2/300/300"
"284","Tend art people","Here ever would reveal all leg west pick.","Beauty","https://picsum.photos/seed/3/300/300"
"285","Some forward suggest","Campaign sit increase challenge since within.","Beauty","https://picsum.photos/seed/4/300/300"
"286","Safe produce","Popular probably play later stop bill southern.","Clothing","https://picsum.photos/seed/5/300/300"
"287","Or activity agent matter","Happen weight woman and society traditional suggest.","Home","https://picsum.photos/seed/6/300/300"
"288","Organization top through technology","Risk value two technology.","Beauty","https://picsum.photos/seed/1/300/300"
"289","Boy break present authority","Will rate travel soldier strong.","Books","https://picsum.photos/seed/2/300/300"
"290","Director compare might field","Range sit today book support size city.","Clothing","https://picsum.photos/seed/3/300/300"
"291","Dog management free","Know laugh laugh administration main project now.","Toys","https://picsum.photos/seed/4/300/300"
"292","Begin hair drive difference experience","Organization arrive know contain economic enjoy.","Beauty","https://picsum.photos/seed/5/300/300"
"293","Piece value education student","Moment travel look ready TV information black.","Electronics","https://picsum.photos/seed/6/300/300"
"294","Find wait","Peace certainly condition main garden.","Beauty","https://picsum.photos/seed/1/300/300"
"295","Health learn west happy","Agent matter design prevent memory capital.","Toys","https://picsum.photos/seed/2/300/300"
"296","Spring house prevent check","Change style human western role.","Electronics","https://picsum.photos/seed/3/300/300"
"297","Ever impact","Draw century process spring health.","Home","https://picsum.photos/seed/4/300/300"
"298","Study window activity","Wish rate decision camera.","Toys","https://picsum.photos/seed/5/300/300"
"299","Write up","Treatment this three short so defense live.","Books","https://picsum.photos/seed/6/300/300"
"300","Friend job rather politics","Same practice four stay would unit nearly.","Sports","https://picsum.photos/seed/1/300/300"
"301","His can already","Image leg quite improve kitchen hit imagine.","Electronics","https://picsum.photos/seed/2/300/300"
"302","Determine population power them","Science green role amount.","Books","https://picsum.photos/seed/3/300/300"
"303","Certain drive public","Paper gun avoid within should notice.","Outdoors","https://picsum.photos/seed/4/300/300"
"304","Building hot","Might evidence into represent now.","Outdoors","https://picsum.photos/seed/5/300/300"
"305","Various south certain news","Exactly standard big affect consider occur common group.","Home","https://picsum.photos/seed/6/300/300"
"306","Bar really","Yes security add service activity travel will.","Electronics","https://picsum.photos/seed/1/300/300"
"307","Probably commercial brother head","Source plant need friend do among themselves.","Electronics","https://picsum.photos/seed/2/300/300"
"308","Make arm always","West growth important serve compare dark.","Sports","https://picsum.photos/seed/3/300/300"
"309","Treatment table star between","Weight age young current education find.","Outdoors","https://picsum.photos/seed/4/300/300"
"310","Scene executive stage hope action","Do arrive price behavior people management from.","Outdoors","https://picsum.photos/seed/5/300/300"
"311","First senior significant again","Short project two letter form character.","Books","https://picsum.photos/seed/6/300/300"
"312","Friend throughout since go into","Play system he friend action your.","Toys","https://picsum.photos/seed/1/300/300"
"313","Pm source clear dog fast","Wrong so list someone.","Toys","https://picsum.photos/seed/2/300/300"
"314","Important into begin","Animal enough southern particular institution lead rock.","Home","https://picsum.photos/seed/3/300/300"
"315","Very it eat likely town","Many cold firm push student.","Home","https://picsum.photos/seed/4/300/300"
"316","Course or charge trouble within","Attorney perform bag.","Outdoors","https://picsum.photos/seed/5/300/300"
"317","Recently would own","Can this will right fight people.","Outdoors","https://picsum.photos/seed/6/300/300"
"318","President cut table boy her","Chair cut early shoulder blood.","Outdoors","https://picsum.photos/seed/1/300/300"
"319","Deal particularly night positive young","Ok stock hand red speak agency.","Books","https://picsum.photos/seed/2/300/300"
"320","Person put see","Her market individual.","Beauty","https://picsum.photos/seed/3/300/300"
"321","Change customer participant hope likely","State building reduce pass gun choose.","Electronics","https://picsum.photos/seed/4/300/300"
"322","Now until buy","West beyond toward plant support doctor above.","Sports","https://picsum.photos/seed/5/300/300"
"323","Game different forward","Buy college next son impact ask.","Outdoors","https://picsum.photos/seed/6/300/300"
"324","Cell contain","Protect pretty notice know.","Electronics","https://picsum.photos/seed/1/300/300"
"325","Offer send fact","Stock life this drug itself.","Home","https://picsum.photos/seed/2/300/300"
"326","Present pattern court bill","Walk letter amount difficult show.","Sports","https://picsum.photos/seed/3/300/300"
"327","Ask action top identify","Open involve with piece.","Books","https://picsum.photos/seed/4/300/300"
"328","Room blue media","Couple fall order record type relate piece.","Home","https://picsum.photos/seed/5/300/300"
"329","Short run run","Nor energy eye week clearly leave.","Electronics","https://picsum.photos/seed/6/300/300"
"330","Nearly maintain evidence alone","Why page popular continue day.","Sports","https://picsum.photos/seed/1/300/300"
"331","Finally war particular","Community value store.","Outdoors","https://picsum.photos/seed/2/300/300"
"332","Who federal only easy","Meeting new Republican support young compare kid themselves.","Beauty","https://picsum.photos/seed/3/300/300"
"333","Night step personal sea rest","Hair follow time set nor owner sell hotel.","Electronics","https://picsum.photos/seed/4/300/300"
"334","Nor remain threat him","Drug follow life none toward benefit.","Outdoors","https://picsum.photos/seed/5/300/300"
"335","Hour offer report after build","Hospital about write sport former bag news.","Home","https://picsum.photos/seed/6/300/300"
"336","Bad no agree sit night","Guess move add standard south.","Toys","https://picsum.photos/seed/1/300/300"
"337","Mission scene decision affect","Less lot project hundred.","Clothing","https://picsum.photos/seed/2/300/300"
"338","Section artist road","Road last some friend.","Books","https://picsum.photos/seed/3/300/300"
"339","Major sister red","Growth activity door its light protect kind.","Toys","https://picsum.photos/seed/4/300/300"
"340","Language at take","Red store carry conference read its.","Sports","https://picsum.photos/seed/5/300/300"
"341","Whom feeling","Space plant six agree draw speech.","Clothing","https://picsum.photos/seed/6/300/300"
"342","Office suggest","Truth could force subject enter challenge once.","Electronics","https://picsum.photos/seed/1/300/300"
"343","Everyone white staff","Employee baby seven heavy music time option.","Home","https://picsum.photos/seed/2/300/300"
"344","Onto of","Plant sign citizen however professor down cold indicate.","Books","https://picsum.photos/seed/3/300/300"
"345","Remain off good much spend","Television field point region rise participant I.","Toys","https://picsum.photos/seed/4/300/300"
"346","Score share push kid","Box history culture sometimes happy she table.","Beauty","https://picsum.photos/seed/5/300/300"
"347","Medical usually east chance","Here under machine could suddenly take thank.","Toys","https://picsum.photos/seed/6/300/300"
"348","Shoulder every to worker treat","Suffer book score within occur concern.","Beauty","https://picsum.photos/seed/1/300/300"
"349","Resource out close much","Follow develop pass prove.","Electronics","https://picsum.photos/seed/2/300/300"
"350","Yet option my serve","Mr minute although talk.","Clothing","https://picsum.photos/seed/3/300/300"
"351","Recently laugh same way","Provide medical hour reveal knowledge memory.","Toys","https://picsum.photos/seed/4/300/300"
"352","Already doctor fact","Here four him suffer lawyer light run.","Sports","https://picsum.photos/seed/5/300/300"
"353","Not worker","Identify Mr politics assume small.","Outdoors","https://picsum.photos/seed/6/300/300"
"354","Action laugh doctor speech action","Movie perform much special.","Sports","https://picsum.photos/seed/1/300/300"
"355","Family present likely wind","Senior rise direction he democratic.","Outdoors","https://picsum.photos/seed/2/300/300"
"356","Half find purpose bed few","Energy hundred low south owner institution hand.","Clothing","https://picsum.photos/seed/3/300/300"
"357","Particular building end return","Run special suggest mission stage.","Sports","https://picsum.photos/seed/4/300/300"
"358","Car himself hear end","Main us significant age.","Home","https://picsum.photos/seed/5/300/300"
"359","Represent tonight although middle","No create themselves upon his fly.","Sports","https://picsum.photos/seed/6/300/300"
"360","Focus feel firm sort","Above throw effort.","Books","https://picsum.photos/seed/1/300/300"
"361","Young significant","Very tough computer type order maintain place.","Sports","https://picsum.photos/seed/2/300/300"
"362","Subject case group","Candidate officer rate detail voice enjoy story.","Outdoors","https://picsum.photos/seed/3/300/300"
"363","Firm tax win look","Blood some between animal raise bring those.","Electronics","https://picsum.photos/seed/4/300/300"
"364","There scientist","Force modern realize line kid force wide.","Toys","https://picsum.photos/seed/5/300/300"
"365","Water rock","Perhaps data tend name effect lot give.","Outdoors","https://picsum.photos/seed/6/300/300"
"366","Contain suddenly between why","Imagine artist customer owner decision wish offer.","Sports","https://picsum.photos/seed/1/300/300"
"367","Particular sound difficult effect","Impact would general wall about.","Home","https://picsum.photos/seed/2/300/300"
"368","Why response young group","Just able popular red.","Electronics","https://picsum.photos/seed/3/300/300"
"369","Skin him way","Station keep choice truth pass painting.","Beauty","https://picsum.photos/seed/4/300/300"
"370","Next enter spring","Unit notice memory run any through development.","Sports","https://picsum.photos/seed/5/300/300"
"371","Focus north low statement","Make economy today few of recent mother season.","Clothing","https://picsum.photos/seed/6/300/300"
"372","Carry education room line because","Cup thousand possible condition.","Home","https://picsum.photos/seed/1/300/300"
"373","Cover behavior rise employee","Modern thought common.","Outdoors","https://picsum.photos/seed/2/300/300"
"374","East including consumer","Both necessary help six alone.","Sports","https://picsum.photos/seed/3/300/300"
"375","Article election machine","Pressure political research.","Beauty","https://picsum.photos/seed/4/300/300"
"376","Economic pay back play language","Analysis prepare institution place support could.","Outdoors","https://picsum.photos/seed/5/300/300"
"377","Final medical truth admit staff","Nice industry culture face shoulder bad.","Toys","https://picsum.photos/seed/6/300/300"
"378","Affect wear anything","Benefit chair age.","Books","https://picsum.photos/seed/1/300/300"
"379","People meeting","Son real around soon.","Home","https://picsum.photos/seed/2/300/300"
"380","Easy rule government throw","Force avoid draw western away American course response.","Toys","https://picsum.photos/seed/3/300/300"
"381","Why if occur bit","Provide training allow until push story poor.","Electronics","https://picsum.photos/seed/4/300/300"
"382","Paper discover place group","Build grow coach method window force.","Home","https://picsum.photos/seed/5/300/300"
"383","East east","Through both let save much force team other.","Electronics","https://picsum.photos/seed/6/300/300"
"384","Senior former less understand","Bit friend thank four wide response option.","Toys","https://picsum.photos/seed/1/300/300"
"385","Reflect nation attack Mr","Suffer rich seem plant.","Home","https://picsum.photos/seed/2/300/300"
"386","Certain for","Will much address avoid young.","Electronics","https://picsum.photos/seed/3/300/300"
"387","Point already world specific","Relationship moment air director base piece.","Electronics","https://picsum.photos/seed/4/300/300"
"388","From health claim","Certain possible him along bring notice outside.","Electronics","https://picsum.photos/seed/5/300/300"
"389","Return college country","If cup true let tough collection head when.","Clothing","https://picsum.photos/seed/6/300/300"
"390","Information life near force group","Sister study fast.","Books","https://picsum.photos/seed/1/300/300"
"391","Public include return","Officer compare rather theory.","Sports","https://picsum.photos/seed/2/300/300"
"392","Plan where imagine","Return lay cup leg become.","Beauty","https://picsum.photos/seed/3/300/300"
"393","Indeed example part area fire","Until several sing quality relationship.","Books","https://picsum.photos/seed/4/300/300"
"394","Positive air collection","Sign air method impact college.","Toys","https://picsum.photos/seed/5/300/300"
"395","Under box","President energy raise when training.","Outdoors","https://picsum.photos/seed/6/300/300"
"396","Human southern huge","Size writer ago ask half however suddenly.","Clothing","https://picsum.photos/seed/1/300/300"
"397","Mr media Democrat level","Than court place history drop series middle.","Toys","https://picsum.photos/seed/2/300/300"
"398","Find great medical discover","Property half deal bad people.","Clothing","https://picsum.photos/seed/3/300/300"
"399","Dark wrong inside","Talk painting community close simple drug.","Outdoors","https://picsum.photos/seed/4/300/300"
"400","If news","Teacher hold school leg college.","Beauty","https://picsum.photos/seed/5/300/300"
"401","Center commercial represent","Give finish citizen hope real security.","Beauty","https://picsum.photos/seed/6/300/300"
"402","Control their young although end","Act little unit direction.","Sports","https://picsum.photos/seed/1/300/300"
"403","Candidate recent professional professional remain","Anyone understand result need moment star lay.","Toys","https://picsum.photos/seed/2/300/300"
"404","Research somebody room","Floor owner nearly learn until area news floor.","Outdoors","https://picsum.photos/seed/3/300/300"
"405","Task left professional attorney","Whom response character nature carry our fund experience.","Toys","https://picsum.photos/seed/4/300/300"
"406","Local usually street sing","Since whole staff land onto board perhaps.","Electronics","https://picsum.photos/seed/5/300/300"
"407","Popular central sport","Serious method contain direction set you question.","Beauty","https://picsum.photos/seed/6/300/300"
"408","Yet meeting outside","Talk education policy shoulder research.","Sports","https://picsum.photos/seed/1/300/300"
"409","Live final","Thing they it improve clearly though.","Toys","https://picsum.photos/seed/2/300/300"
"410","Wish area quickly then financial","Suggest federal day body customer significant interest thought.","Sports","https://picsum.photos/seed/3/300/300"
"411","My with memory","Admit may instead late.","Books","https://picsum.photos/seed/4/300/300"
"412","Imagine according public task","Friend pretty firm begin understand.","Home","https://picsum.photos/seed/5/300/300"
"413","Effort college police direction","Point prove improve check religious.","Electronics","https://picsum.photos/seed/6/300/300"
"414","Would daughter service subject","Choose simple around.","Electronics","https://picsum.photos/seed/1/300/300"
"415","Practice church act","Over company fast country girl medical perform.","Beauty","https://picsum.photos/seed/2/300/300"
"416","Front because","Forget eight look.","Books","https://picsum.photos/seed/3/300/300"
"417","May enter language","Avoid goal view few.","Clothing","https://picsum.photos/seed/4/300/300"
"418","Strong front you","Clearly heart expect area.","Beauty","https://picsum.photos/seed/5/300/300"
"419","It together police","Close sister drug yeah unit.","Electronics","https://picsum.photos/seed/6/300/300"
"420","Improve similar full","Forget shake wish employee whatever.","Home","https://picsum.photos/seed/1/300/300"
"421","Tell choose new recognize","Young interesting hot mean produce total those draw.","Beauty","https://picsum.photos/seed/2/300/300"
"422","Have oil recent job rule","Lay style position drive.","Books","https://picsum.photos/seed/3/300/300"
"423","Hard would whom everyone","List bit positive there.","Outdoors","https://picsum.photos/seed/4/300/300"
"424","Moment world hear","Moment north himself build town call listen.","Toys","https://picsum.photos/seed/5/300/300"
"425","Rate animal save world","Possible coach site in.","Toys","https://picsum.photos/seed/6/300/300"
"426","Every certainly","Represent consider quality American wrong.","Electronics","https://picsum.photos/seed/1/300/300"
"427","Always any night","Military realize sport executive door benefit include.","Outdoors","https://picsum.photos/seed/2/300/300"
"428","Stop chair around","Through ready across move ask head rate.","Toys","https://picsum.photos/seed/3/300/300"
"429","Huge could almost","Picture example once several.","Beauty","https://picsum.photos/seed/4/300/300"
"430","Trade audience determine shake","Myself street scientist window program case leader.","Home","https://picsum.photos/seed/5/300/300"
"431","Professional school culture","Clearly adult then.","Toys","https://picsum.photos/seed/6/300/300"
"432","Charge Democrat move human country","Best type tend culture.","Electronics","https://picsum.photos/seed/1/300/300"
"433","Energy significant cause service","Other discuss light nature.","Beauty","https://picsum.photos/seed/2/300/300"
"434","He probably doctor mean","Political likely common.","Toys","https://picsum.photos/seed/3/300/300"
"435","Recently my","Song away experience game give ball behind coach.","Outdoors","https://picsum.photos/seed/4/300/300"
"436","Debate hear partner","Wear note along sure.","Clothing","https://picsum.photos/seed/5/300/300"
"437","Work remember many shake","Inside especially family close.","Beauty","https://picsum.photos/seed/6/300/300"
"438","Office culture last","Matter available each research loss.","Beauty","https://picsum.photos/seed/1/300/300"
"439","Behavior particular loss","Friend probably course catch.","Sports","https://picsum.photos/seed/2/300/300"
"440","Defense lead","Line employee recognize ahead.","Books","https://picsum.photos/seed/3/300/300"
"441","Show for discussion","Policy fact matter industry thought.","Home","https://picsum.photos/seed/4/300/300"
"442","Thank bank simply","Garden space while all cell seem.","Toys","https://picsum.photos/seed/5/300/300"
"443","Inside unit mention","Before political class group.","Home","https://picsum.photos/seed/6/300/300"
"444","Crime wind hope college","Lead clear physical be off.","Books","https://picsum.photos/seed/1/300/300"
"445","Subject space analysis","Ok senior idea my sometimes.","Electronics","https://picsum.photos/seed/2/300/300"
"446","Consumer since address","Factor manager against may factor nation.","Electronics","https://picsum.photos/seed/3/300/300"
"447","Majority color weight","Actually marriage table statement us.","Beauty","https://picsum.photos/seed/4/300/300"
"448","Until brother strong star","Indeed top improve improve political guy to plant.","Books","https://picsum.photos/seed/5/300/300"
"449","Certain fall national cost edge","Accept into notice fund yard.","Electronics","https://picsum.photos/seed/6/300/300"
"450","Against PM buy of behavior","For sound medical with education.","Beauty","https://picsum.photos/seed/1/300/300"
"451","Try none factor go","During share structure read product apply fall.","Outdoors","https://picsum.photos/seed/2/300/300"
"452","Skill truth","Break management answer heavy.","Sports","https://picsum.photos/seed/3/300/300"
"453","Industry heavy street large","Nice new mother air.","Home","https://picsum.photos/seed/4/300/300"
"454","Agent science grow tough call","Deal thing audience like.","Toys","https://picsum.photos/seed/5/300/300"
"455","Space foot number PM","Decision think kind should data true accept.","Electronics","https://picsum.photos/seed/6/300/300"
"456","We after record","Almost continue result those.","Sports","https://picsum.photos/seed/1/300/300"
"457","Lot sit","Per stuff memory theory fire growth onto.","Electronics","https://picsum.photos/seed/2/300/300"
"458","Any safe voice deal","Contain office you nearly.","Beauty","https://picsum.photos/seed/3/300/300"
"459","Case everybody effect","Almost generation size would fire yourself school true.","Books","https://picsum.photos/seed/4/300/300"
"460","Respond each must of","Media special before throughout agent financial drop.","Beauty","https://picsum.photos/seed/5/300/300"
"461","Anything my myself all Republican","Program political board.","Electronics","https://picsum.photos/seed/6/300/300"
"462","Guess within","Team likely sort.","Sports","https://picsum.photos/seed/1/300/300"
"463","Role care field","According note either task forward increase.","Home","https://picsum.photos/seed/2/300/300"
"464","Billion share","Phone contain during as eight red both.","Outdoors","https://picsum.photos/seed/3/300/300"
"465","Necessary open pretty","Surface brother they color travel.","Books","https://picsum.photos/seed/4/300/300"
"466","Receive about body before politics","Town total step minute south will tend.","Sports","https://picsum.photos/seed/5/300/300"
"467","Sit son stay the into","Size economic on moment population hundred there.","Books","https://picsum.photos/seed/6/300/300"
"468","Full east debate western join","Bring loss form maintain.","Toys","https://picsum.photos/seed/1/300/300"
"469","Blue development goal win example","Project enough realize camera impact born.","Beauty","https://picsum.photos/seed/2/300/300"
"470","Current the good watch","Quickly along firm we room response nation across.","Books","https://picsum.photos/seed/3/300/300"
"471","Serve senior design hand act","Weight herself ago page dog event month.","Home","https://picsum.photos/seed/4/300/300"
"472","Expert boy positive building","Cold ever first time wife she.","Sports","https://picsum.photos/seed/5/300/300"
"473","Window exactly cover local American","Training remember heart make budget.","Home","https://picsum.photos/seed/6/300/300"
"474","Fire believe man","Surface impact against probably drug would seek series.","Beauty","https://picsum.photos/seed/1/300/300"
"475","Sense continue foot loss property","Friend specific various ready teach approach successful sing.","Beauty","https://picsum.photos/seed/2/300/300"
"476","Science property","Tough interesting mean far tend admit never.","Toys","https://picsum.photos/seed/3/300/300"
"477","Your evening","Add determine ten.","Electronics","https://picsum.photos/seed/4/300/300"
"478","Enjoy particular still why performance","Second weight moment many important to design.","Outdoors","https://picsum.photos/seed/5/300/300"
"479","Ground tree company prevent","Different argue officer general guess run.","Home","https://picsum.photos/seed/6/300/300"
"480","Responsibility least magazine plan","Stand instead site once.","Beauty","https://picsum.photos/seed/1/300/300"
"481","Free argue yeah","Speak everyone shoulder subject from.","Sports","https://picsum.photos/seed/2/300/300"
"482","Number actually whose smile newspaper","Century prepare treat laugh indeed network moment.","Sports","https://picsum.photos/seed/3/300/300"
"483","Human stay sit","Direction they write.","Sports","https://picsum.photos/seed/4/300/300"
"484","Return forward major","While together church enough machine foot issue.","Beauty","https://picsum.photos/seed/5/300/300"
"485","Real sense well","Foreign both material wrong camera fast recently.","Toys","https://picsum.photos/seed/6/300/300"
"486","Toward something daughter","Rich trouble strategy also network security.","Electronics","https://picsum.photos/seed/1/300/300"
"487","Myself show draw stuff","Sister inside just several.","Home","https://picsum.photos/seed/2/300/300"
"488","Purpose institution action social","What like image to.","Outdoors","https://picsum.photos/seed/3/300/300"
"489","Business try real","Administration memory check spring.","Electronics","https://picsum.photos/seed/4/300/300"
"490","Break beautiful cause","Course find peace north.","Outdoors","https://picsum.photos/seed/5/300/300"
"491","Company only environment culture record","Program left assume lead alone create deep.","Outdoors","https://picsum.photos/seed/6/300/300"
"492","Boy report meeting","Born deal yourself.","Electronics","https://picsum.photos/seed/1/300/300"
"493","He tree these","Budget stage deal.","Home","https://picsum.photos/seed/2/300/300"
"494","Son hospital reason six themselves","Development budget other particular six family student.","Outdoors","https://picsum.photos/seed/3/300/300"
"495","Have population take guy","Heart own whose risk resource popular.","Outdoors","https://picsum.photos/seed/4/300/300"
"496","Light bed year way","Way seat movie part see serious industry career.","Sports","https://picsum.photos/seed/5/300/300"
"497","Open look","War particular drive not.","Books","https://picsum.photos/seed/6/300/300"
"498","Prove pattern","Listen anyone north husband movie interview apply.","Clothing","https://picsum.photos/seed/1/300/300"
"499","Whose car mean","Everyone laugh produce prove staff think.","Beauty","https://picsum.photos/seed/2/300/300"
