"0","68","88","64","Finish such question simple.","1.47","2022-02-05 17:51:06"
"1","13","334","4","Person still us may.","0.3","2020-02-27 21:59:09"
"2","44","464","64","If room could buy science.","0.3","2023-01-12 04:20:31"
"3","20","51","61","Majority make safe.","2.46","2022-12-09 01:45:16"
"4","10","141","44","Mother arrive enter subject.","0.08","2020-09-02 13:06:12"
"5","30","333","76","Skill say people air.","2.6","2021-11-30 06:19:06"
"6","94","119","76","Room president marriage member.","2.63","2020-01-18 00:47:46"
"7","1","12","59","Strategy art though simply season course.","3.35","2023-02-09 05:30:48"
"8","26","188","64","Throughout street actually tough mention.","5.15","2020-12-24 07:34:09"
"9","86","204","59","War outside not.","4.23","2022-10-03 21:34:43"
"10","69","26","44","Television safe avoid what.","5.35","2022-10-10 13:18:40"
"11","70","412","73","Here church thing difference time check.","2.61","2023-11-27 07:34:52"
"12","76","190","76","Score approach American.","1.64","2022-05-17 20:16:46"
"13","9","218","59","Again body it.","0.19","2023-01-26 00:48:20"
"14","92","304","59","Along billion product join Republican.","1.05","2022-08-24 17:32:38"
"15","58","442","0","North past hour create challenge.","1.91","2021-02-27 06:18:43"
"16","65","23","84","Will approach age.","0.02","2021-11-02 04:33:30"
"17","49","481","76","Hotel something for ever word.","3.7","2021-03-29 02:23:16"
"18","35","264","4","Natural dark why born.","0.27","2020-12-26 05:10:09"
"19","96","368","4","Almost still finish hospital figure large door.","0.56","2022-06-12 11:15:08"
"20","24","87","61","North commercial wall.","4.77","2021-05-14 18:57:27"
"21","48","345","73","Religious response two.","0.11","2022-03-09 21:28:25"
"22","5","142","73","Degree within recently.","4.9","2021-07-08 23:01:38"
"23","37","288","61","Sort dark identify sea.","0.55","2023-04-02 22:19:27"
"24","4","258","61","Activity least capital.","3.52","2020-07-16 02:50:21"
"25","50","463","61","Owner occur inside phone fly.","4.03","2023-09-20 15:35:31"
"26","97","33","4","Whose area inside mother.","1.31","2023-02-27 04:12:36"
"27","93","207","76","Respond billion across know how court.","0.51","2021-12-25 03:09:17"
"28","42","195","84","Support walk more himself.","0.12","2022-11-18 19:04:24"
"29","49","294","73","Near blue television them act.","2.72","2021-09-02 18:55:34"
"30","18","46","27","Along necessary describe sort real.","0.32","2021-07-02 13:21:29"
"31","90","232","76","Machine establish the free physical.","5.27","2020-05-18 19:46:08"
"32","96","445","44","Himself consumer traditional civil entire.","3.39","2021-07-24 16:00:39"
"33","3","361","44","Exist enough get simple.","0.43","2020-09-05 22:06:28"
"34","12","228","84","Democrat every like.","0.46","2023-10-31 14:36:55"
"35","48","264","84","Today cause rather.","0.18","2020-06-12 11:06:59"
"36","44","147","76","Tough hope themselves different performance.","5.9","2023-04-26 02:17:04"
"37","3","122","27","Happen difficult understand.","1.71","2022-05-17 20:13:20"
"38","83","102","60","Eight play nearly.","0.05","2020-11-30 05:54:14"
"39","5","208","73","Allow contain some.","3.05","2023-02-05 01:32:46"
"40","51","126","59","Huge theory exist sing natural.","5.73","2022-03-23 04:58:18"
"41","60","457","59","Into require direction event.","0.8","2023-10-29 17:55:01"
"42","91","120","0","Above team several accept against technology.","0.96","2023-10-26 20:09:14"
"43","57","443","44","Common its reach newspaper.","4.12","2023-03-12 10:18:33"
"44","8","147","64","Evidence stay account whatever skill method.","0.04","2023-07-12 23:22:42"
"45","99","201","73","Treat machine once think agent instead.","3.11","2020-10-10 05:49:12"
"46","51","318","76","Most somebody hold she.","3.44","2020-01-21 18:57:10"
"47","66","381","44","What face miss section voice.","5.68","2023-05-13 10:26:23"
"48","15","245","61","Time environment tough think art.","1.62","2021-07-07 07:56:12"
"49","63","159","61","Probably look challenge effect.","5.14","2022-07-20 05:33:35"
"50","15","93","76","Democrat ever own.","2.66","2021-08-24 05:29:03"
"51","11","38","60","Little structure event young will word.","4.89","2022-03-07 21:11:36"
"52","64","93","4","Around station set arrive south.","3.79","2020-06-03 01:11:46"
"53","70","368","0","Enter lot kid one with.","4.14","2021-11-04 10:47:49"
"54","88","414","44","Sit executive but catch.","1.92","2021-04-16 04:41:05"
"55","95","432","73","Central land learn.","4.45","2022-03-01 03:20:37"
"56","63","41","84","Notice fire maintain.","5.84","2021-07-14 01:48:24"
"57","68","275","59","Truth campaign newspaper personal.","1.07","2022-12-12 17:42:26"
"58","72","257","59","Rule difficult very school.","0.34","2023-08-21 05:12:43"
"59","58","456","76","Would bar town decide series relate.","3.79","2023-03-16 07:28:30"
"60","70","57","0","State record old special walk near.","1.89","2021-12-30 11:49:15"
"61","8","296","0","Chance picture compare imagine vote tax.","0.14","2020-06-22 18:32:13"
"62","43","394","59","Staff water watch room.","0.44","2021-04-11 09:21:50"
"63","61","204","64","Soon part special peace head.","5.49","2020-03-20 12:05:28"
"64","37","40","4","Across director toward figure including hundred.","3.38","2021-05-03 23:18:11"
"65","71","210","59","Serious well operation range full good.","3.46","2020-01-31 10:14:09"
"66","12","499","61","Benefit black cell open return challenge.","1.32","2021-08-06 06:41:02"
"67","81","214","4","Out four political.","4.95","2022-06-19 09:09:18"
"68","62","280","27","Goal strong citizen.","2.88","2021-10-23 06:35:23"
"69","97","85","4","Later on garden how pressure.","5.29","2023-09-20 18:23:16"
"70","80","131","73","Bar agent main.","2.48","2020-07-10 09:31:22"
"71","57","8","84","Officer attorney employee campaign subject several.","1.06","2023-03-05 15:47:33"
"72","36","211","27","That type think politics.","2.13","2021-05-08 21:36:50"
"73","22","370","60","Lawyer memory she become brother black.","4.57","2022-12-31 22:38:39"
"74","92","206","27","Building station stand.","1.02","2020-11-20 18:12:45"
"75","77","188","60","Follow society father everyone now.","3.47","2021-07-28 06:57:12"
"76","81","292","59","Treatment long voice.","4.23","2022-12-13 00:44:12"
"77","65","345","44","Growth shoulder family identify while.","3.25","2020-06-01 04:01:10"
"78","0","323","60","Science third new weight their majority.","5.87","2020-06-26 16:40:36"
"79","32","146","61","Ready miss fund to cover economic.","0.18","2020-03-19 00:20:28"
"80","42","398","27","List run reduce third.","5.04","2023-09-14 15:11:34"
"81","86","360","44","Compare offer daughter drive choice.","3.57","2023-01-03 01:33:48"
"82","17","488","0","Where rather difficult cost sometimes.","0.58","2023-04-12 06:32:22"
"83","70","192","44","Newspaper movement movement lay.","5.94","2023-01-22 06:46:23"
"84","41","466","59","Them who catch no.","5.25","2023-10-10 00:15:52"
"85","9","139","60","Goal effort small artist business.","2.67","2020-05-20 00:20:57"
"86","8","452","64","Voice with likely full recent school.","5.12","2021-01-11 18:02:13"
"87","10","204","60","Perhaps lay skin debate.","2.87","2020-01-13 21:35:10"
"88","21","277","4","Stop same wall maybe computer challenge.","1.42","2021-11-17 04:02:22"
"89","25","280","59","Step site determine another war short.","0.21","2022-04-17 23:17:32"
"90","33","91","73","Tell executive you ball.","1.86","2021-03-22 12:09:06"
"91","77","425","84","Section skill wrong.","4.24","2021-05-26 20:22:32"
"92","86","349","0","Less like expert.","1.17","2022-12-02 12:22:52"
"93","70","135","44","Decade argue information daughter nearly.","4.75","2021-04-09 02:53:13"
"94","29","399","27","Research chance citizen point not public.","0.77","2020-07-04 20:38:00"
"95","80","5","0","Wish give form per.","0.8","2022-09-26 19:30:25"
"96","27","218","4","Room find yard painting.","4.31","2020-02-25 17:07:59"
"97","61","24","4","Human window would bed whole my.","0.95","2023-08-23 09:14:44"
"98","32","20","0","Cold measure three garden manager.","5.17","2021-05-13 14:11:06"
"99","16","241","73","Before purpose nearly.","1.01","2021-06-03 22:07:00"
"100","19","316","4","Author through above hit six know.","3.82","2023-01-14 14:11:34"
"101","59","422","4","Teach race computer future claim.","1.57","2020-03-10 16:57:24"
"102","11","82","59","Lose space paper.","2.76","2022-05-21 08:39:27"
"103","38","483","73","Writer my hundred sea always important.","5.09","2023-02-09 14:18:22"
"104","60","269","0","Media themselves but dinner gun outside.","1.91","2023-04-14 08:45:08"
"105","77","305","73","Structure control president.","4.54","2022-04-10 21:08:14"
"106","50","111","61","Color record nice level bad lose.","4.8","2022-01-30 06:06:48"
"107","39","448","4","Manage subject better.","0.04","2022-08-31 00:34:51"
"108","17","470","44","Local whether similar.","5.57","2020-01-14 05:48:38"
"109","80","469","84","Here also near carry heavy determine.","1.3","2020-04-29 20:06:34"
"110","8","392","27","Bit season say him would.","3.54","2020-09-08 07:21:17"
"111","10","394","76","Establish meet about couple free.","5.12","2023-07-05 05:27:56"
"112","40","240","4","Coach senior line.","1.44","2020-10-29 05:48:59"
"113","32","56","27","Answer media him.","3.39","2022-06-06 15:59:48"
"114","91","56","27","Movement hotel central.","2.48","2020-06-04 02:43:13"
"115","86","119","59","Name service here movie admit.","2.84","2023-07-06 14:48:08"
"116","23","196","0","Key majority share change.","1.57","2021-07-20 00:23:19"
"117","84","394","4","Respond both their federal.","4.67","2022-03-08 06:06:25"
"118","89","418","0","Goal too accept instead order physical.","3.36","2020-10-14 19:20:03"
"119","44","324","76","Just small each attention be rest.","3.22","2023-11-01 07:07:24"
"120","2","427","60","Power focus drug let.","4.7","2021-02-23 21:48:02"
"121","61","285","64","Allow yard animal court reality.","0.16","2021-02-23 13:02:27"
"122","40","172","84","Summer dark above.","4.77","2021-05-25 00:13:42"
"123","25","371","84","Government its politics.","4.74","2020-11-14 14:56:48"
"124","82","41","44","Pretty require production.","4.77","2022-04-25 14:33:34"
"125","26","214","44","Situation TV entire.","0.42","2020-07-15 12:44:16"
"126","55","209","0","Less drop century.","0.51","2022-01-17 02:42:42"
"127","56","122","73","Occur media determine mean relate free.","1.15","2020-01-23 02:35:53"
"128","48","496","59","Discuss point movement rather.","0.38","2023-09-04 02:36:34"
"129","99","418","27","Wear no event long.","4.71","2023-09-15 04:16:16"
"130","95","129","84","Situation understand investment art soldier discover.","0.52","2022-11-16 02:30:32"
"131","54","441","4","Answer sea receive happen.","1.31","2022-07-27 20:28:52"
"132","33","86","4","Else save rather rich.","0.92","2021-03-10 17:56:45"
"133","22","276","60","Series audience group.","4.1","2023-11-25 13:49:13"
"134","91","392","4","Mr attack section on reason possible.","4.2","2022-04-30 02:49:45"
"135","17","141","59","Leader add rather.","4.02","2023-02-21 00:44:43"
"136","27","251","44","Trial PM large leave bag difference.","4.74","2021-11-14 13:43:18"
