"0","77","448","64","Full surface particularly writer let personal.","5.07","2020-06-02 14:06:48"
"1","13","435","84","Against give try number close land.","2.14","2021-05-20 16:17:12"
"2","10","142","73","Likely scene the since.","2.56","2023-08-23 09:37:27"
"3","55","425","60","Table ball there read.","2.08","2023-07-16 07:57:16"
"4","64","47","61","Establish year beat view kind prepare.","0.47","2022-04-30 06:58:22"
"5","97","391","60","Style crime blood mouth.","1.05","2023-05-29 10:32:04"
"6","23","277","27","Assume improve organization wall.","2.41","2020-03-06 04:03:26"
"7","99","232","60","Cover rise head interest project.","5.98","2023-02-01 01:38:03"
"8","59","466","84","Interesting goal student campaign cold.","3.62","2020-10-22 17:21:37"
"9","83","64","0","Top body wall.","3.96","2021-01-05 17:53:30"
"10","78","319","59","Despite behind size.","1.35","2020-04-19 22:52:36"
"11","47","399","44","Environmental interest production soldier.","0.62","2021-07-16 18:52:12"
"12","85","165","27","Less eye stand purpose successful.","0.85","2020-05-23 03:58:44"
"13","12","385","76","Popular gas really huge minute direction.","5.88","2023-02-01 07:04:50"
"14","88","291","59","Clear wife yard direction technology.","2.53","2021-06-01 17:06:30"
"15","21","284","73","Get effect consider blue.","0.97","2021-07-27 04:58:55"
"16","41","39","60","About painting light role section.","2.73","2021-09-12 07:46:50"
"17","42","264","44","Few country but.","0.06","2022-04-27 02:29:03"
"18","32","357","59","Whatever involve building seek space thus.","2.26","2023-09-12 07:51:28"
"19","58","425","44","Expect couple write.","1.08","2020-02-19 01:29:48"
"20","71","311","73","Fight record officer north quite.","0.22","2023-01-23 10:55:43"
"21","63","411","27","End score true feel possible see.","2.6","2022-09-12 09:47:12"
"22","90","6","44","Treat goal affect.","4.44","2021-01-26 17:34:59"
"23","93","10","0","President cold family opportunity.","2.95","2022-01-10 11:15:32"
"24","1","44","84","Bring place event forward.","3.47","2021-07-26 17:36:19"
"25","50","294","61","Since lot message suggest.","5.73","2020-12-12 04:14:08"
"26","33","321","59","Vote method usually president question.","0.77","2022-05-30 00:53:51"
"27","29","461","27","Piece line space subject.","0.15","2021-02-01 02:03:56"
"28","97","393","84","Rise edge particularly safe guess.","1.11","2020-06-27 00:07:57"
"29","77","472","59","Television like always huge total.","4.18","2023-01-30 02:40:37"
"30","1","179","61","Trouble state when money.","5.83","2020-11-14 16:45:42"
"31","78","5","59","Move scene information.","1.59","2021-10-07 17:13:02"
"32","91","233","84","Within lawyer notice type Mrs.","5.62","2020-06-08 01:22:14"
"33","79","256","27","Ago rate young since public technology.","0.67","2023-02-17 20:08:06"
"34","97","445","76","Difference field make century game another.","3.93","2022-12-25 17:40:44"
"35","21","150","73","Which north far practice.","5.36","2020-05-11 10:40:22"
"36","0","89","27","First official decade business among cultural.","2.71","2020-07-20 12:40:56"
"37","14","151","59","Speak space personal buy vote even.","1.47","2023-02-26 01:37:34"
"38","74","99","64","Chance police body.","0.25","2021-12-25 05:14:58"
"39","24","58","61","Sometimes degree consider.","5.44","2021-06-14 00:23:50"
"40","27","314","76","Player project line create want benefit.","4.38","2022-11-27 15:47:21"
"41","48","226","44","Big without laugh.","4.43","2022-08-10 16:59:23"
"42","53","126","0","Poor girl quite break.","3.72","2022-07-04 01:43:01"
"43","37","353","61","Know executive address tax.","1.35","2023-05-10 06:14:21"
"44","96","71","61","Room writer society stay worker.","4.21","2020-01-15 05:22:44"
"45","50","499","27","Old animal there trip consider east.","5.98","2021-09-30 10:45:49"
"46","94","74","76","Ground will share fish meeting item.","1.13","2021-09-08 18:55:04"
"47","7","422","84","Wife spend physical knowledge language believe.","1.34","2020-12-09 16:46:27"
"48","19","194","61","Financial industry hold.","1.11","2020-05-25 03:45:05"
"49","52","150","61","Brother step provide look resource.","4.03","2020-08-16 01:09:36"
"50","84","216","76","Tough step color.","4.76","2021-10-22 09:56:45"
"51","4","210","4","Choose treatment hope.","1.68","2020-01-29 10:49:55"
"52","62","309","60","Customer know will family quite.","0.78","2021-06-28 06:22:19"
"53","94","446","4","Light modern so.","5.92","2021-05-07 16:12:26"
"54","75","384","44","Establish order may.","5.6","2023-08-14 15:28:42"
"55","14","297","76","Cell soldier half business oil.","3.48","2022-10-05 12:20:18"
"56","37","88","60","Threat gun model strategy establish again.","1.12","2020-12-05 15:03:54"
"57","22","140","61","Firm against instead training article again.","3.12","2021-11-20 11:07:43"
"58","16","271","61","College wrong training.","5.74","2022-12-26 12:18:19"
"59","44","284","0","Knowledge employee institution.","3.94","2021-05-26 02:36:50"
"60","32","402","76","See serve successful line door.","2.95","2021-06-11 00:08:16"
"61","12","468","59","Place tough new beautiful.","0.43","2020-11-18 14:07:21"
"62","90","230","59","Continue own necessary.","5.91","2022-04-13 14:17:36"
"63","52","318","4","Use trip recognize add.","5.93","2021-05-04 22:56:51"
"64","45","328","27","Anyone often particularly security.","2.65","2020-11-10 00:44:50"
"65","32","251","64","Who meeting material.","5.47","2023-04-03 17:02:17"
"66","23","22","0","Either trial gun behind.","0.27","2023-04-06 17:51:06"
"67","26","252","0","Base audience throughout win way guy.","2.96","2022-12-03 07:21:28"
"68","25","28","44","Discussion story trade pay exist either.","4.73","2022-06-06 07:24:30"
"69","7","433","59","Own garden five enter factor yet.","5.86","2023-04-30 03:06:18"
"70","31","479","73","By need assume list amount.","0.09","2022-10-10 13:21:59"
"71","14","460","64","War open material.","4.7","2022-04-02 09:43:34"
"72","16","102","76","Each power staff training left after.","1.16","2020-02-29 02:23:37"
"73","91","375","60","Everybody onto sing nearly family.","3.08","2020-09-13 05:45:02"
"74","22","357","64","Remember during owner check attorney process.","5.91","2022-07-20 22:55:43"
"75","21","340","44","Agree memory voice off I.","5.82","2023-07-11 07:38:01"
"76","35","316","0","A notice activity.","1.93","2022-03-26 10:32:49"
"77","88","12","0","Say talk west.","3.05","2022-07-04 02:41:51"
"78","71","456","64","Opportunity between nation image.","0.11","2021-09-22 05:13:10"
"79","11","213","64","Example idea fast.","4.02","2020-09-18 12:41:33"
"80","23","348","64","Fly suggest almost.","2.46","2020-05-04 07:32:29"
"81","62","282","61","A after sense clearly.","3.52","2023-08-26 13:00:02"
"82","26","157","84","Anything cost conference cause.","5.97","2020-10-20 23:38:57"
"83","9","124","61","Food big Republican.","1.45","2020-02-13 04:11:13"
"84","94","218","84","Table but kind stand fund too.","2.77","2022-07-07 23:36:42"
"85","16","40","76","Institution tonight act base suddenly support.","5.28","2021-07-25 06:37:17"
"86","91","425","59","Production food skin building.","2.66","2021-10-01 18:16:52"
"87","98","437","59","Seven whether education.","4.49","2021-04-28 01:13:33"
"88","32","120","0","Friend bed represent raise put.","5.76","2022-06-28 08:27:58"
"89","64","97","60","Each necessary bank best trial parent.","2.99","2020-11-29 19:24:36"
"90","17","259","76","Surface present office stuff though.","2.07","2020-01-22 22:17:06"
"91","19","478","27","Recent soon civil range ask friend.","5.27","2022-07-21 18:39:34"
"92","85","198","61","Type might four heavy.","1.3","2022-05-31 05:38:04"
"93","37","218","76","Second rather concern.","3.15","2022-11-08 11:13:01"
"94","74","51","27","Approach dream guess director lay listen.","3.13","2020-05-07 10:04:32"
"95","77","58","4","Interest attention whole writer because.","5.92","2023-04-12 14:36:36"
"96","34","497","61","Scene on new write.","1.92","2022-12-29 04:47:30"
"97","96","148","44","People social receive travel friend theory in.","1.07","2022-02-03 21:39:23"
"98","31","153","59","Rate others ground enjoy ground world.","2.44","2021-06-09 08:04:38"
"99","70","204","4","Somebody suggest class list card.","3.81","2021-03-11 22:19:20"
"100","94","498","0","Kid couple most special trip.","4.16","2020-02-26 06:46:24"
"101","28","140","84","Option result night tonight.","1.44","2023-10-28 16:06:10"
"102","11","410","60","Crime suddenly fill might.","3.96","2021-11-30 07:20:34"
"103","37","150","61","Many his sister suddenly.","0.72","2020-06-19 04:26:00"
"104","94","26","76","Black cost control nothing.","4.34","2020-04-24 10:00:42"
"105","80","118","76","Per husband provide social wear.","1.33","2021-10-28 18:54:38"
"106","60","118","73","Face color do girl some.","0.52","2023-10-04 03:59:29"
"107","73","473","84","Ability north couple miss customer.","5.79","2022-07-30 15:36:42"
"108","75","17","64","Remain agree culture child ability high.","1.87","2023-04-02 18:13:36"
"109","5","22","44","Quite if bill.","1.19","2020-01-31 01:27:07"
"110","5","140","4","Truth identify between executive amount pass.","2.11","2022-04-27 13:21:19"
"111","47","468","60","Plant rise follow.","5.51","2021-07-16 04:53:51"
"112","79","317","44","Democratic month nation evidence size total.","4.83","2021-06-20 16:38:02"
"113","69","213","84","Too reason staff.","2.2","2021-02-23 09:15:40"
"114","17","190","64","Maintain raise system else concern.","2.57","2021-07-24 07:47:23"
"115","27","175","73","Dark raise down thing theory.","1.55","2021-09-23 17:21:44"
"116","45","40","60","Either those education certainly action citizen.","1.79","2021-11-20 18:59:11"
"117","19","397","76","Skin occur institution give.","5.03","2021-02-15 04:38:28"
"118","83","318","44","Image me agree decide bar.","0.98","2021-01-10 19:54:15"
"119","64","69","61","Thousand plan them section next.","2.65","2021-09-01 03:39:12"
"120","59","343","61","Rule man yet scientist four west.","5.24","2021-04-11 16:22:09"
"121","88","319","59","Day economic body road thank.","5.87","2020-12-15 20:02:36"
"122","73","480","59","Society matter environment.","4.87","2022-04-26 20:11:12"
"123","7","353","84","Late foreign and various hotel.","5.65","2022-11-23 02:20:52"
"124","79","176","0","Throughout suggest this.","5.31","2021-05-05 22:59:46"
"125","77","445","61","Growth finally rest daughter government some.","0.11","2023-05-05 17:30:06"
"126","66","187","61","Woman future event quality store present.","4.84","2022-05-11 08:49:10"
"127","71","100","76","Try computer idea series back.","5.79","2022-06-15 02:06:38"
"128","40","99","0","Thought both north.","5.02","2023-06-18 12:29:57"
"129","95","293","0","Bit painting people.","1.3","2022-03-25 10:03:41"
"130","51","51","84","Social movie decade art movement.","4.51","2022-12-12 14:01:43"
"131","76","275","64","Democrat field money white ever.","1.43","2020-12-26 13:37:38"
"132","37","394","59","Wife item hear allow local.","5.37","2023-04-20 15:27:31"
"133","30","499","73","Early son food election.","5.74","2020-11-27 15:51:56"
"134","17","178","73","Hand less blue.","5.01","2023-11-27 14:43:10"
"135","4","95","0","Artist pattern officer.","1.16","2021-02-28 00:19:17"
"136","15","125","61","Report run deep same whether.","2.59","2023-05-30 14:52:20"
"137","1","118","59","Draw think collection.","2.09","2023-05-22 18:18:15"
"138","52","79","60","Pm cultural response range identify.","1.33","2021-01-02 21:35:55"
"139","71","189","60","Able protect how best analysis.","1.46","2022-05-20 10:35:47"
"140","21","298","84","Commercial out place style room produce.","3.89","2023-07-11 18:35:38"
"141","38","341","61","Nature nature learn billion realize.","5.5","2021-05-30 12:15:47"
"142","12","374","64","Environmental direction short fly arrive.","0.87","2020-04-17 07:12:14"
"143","80","134","76","Green may heart poor few radio.","2.97","2020-06-22 19:14:58"
"144","30","365","4","Usually result accept nor admit.","5.98","2020-01-17 09:56:31"
"145","33","292","73","Include mind teacher strategy.","5.89","2020-12-21 04:11:45"
"146","91","398","27","Ever speech break fall.","4.1","2020-03-07 00:53:57"
"147","12","73","0","Show sense cold indicate send yes.","5.65","2021-09-19 00:01:41"
"148","33","219","27","Seven may threat.","5.17","2022-11-27 20:49:36"
"149","3","102","73","White oil about mention discover whose.","0.06","2023-12-01 03:34:03"
"150","11","226","59","Step its material owner.","3.04","2021-03-09 07:23:32"
"151","38","235","60","Direction young body order.","1.1","2021-03-12 06:12:57"
"152","14","396","44","Allow rate including always far push.","2.8","2020-03-05 16:49:16"
"153","31","90","27","Everybody sign little debate feeling.","1.72","2020-04-15 16:55:57"
"154","83","498","27","Onto guess watch.","2.73","2023-11-04 03:17:51"
"155","9","442","4","Vote theory maintain.","5.04","2020-05-20 07:22:36"
"156","24","444","61","Stuff remain total likely such.","5.91","2023-05-08 05:07:51"
"157","17","228","60","Effect course begin apply specific put.","0.49","2020-11-21 17:32:59"
"158","26","344","59","Light parent treat rather.","0.12","2021-02-19 08:06:34"
"159","73","335","44","Mind card number outside.","4.33","2022-06-21 23:38:36"
"160","78","147","60","Town relate most buy.","2.52","2022-04-15 04:42:50"
"161","66","314","0","How people various throw.","4.84","2021-01-13 03:46:06"
"162","92","80","4","Huge operation new idea.","3.02","2020-08-05 18:17:25"
"163","44","73","84","Management build until court.","4.45","2023-05-08 01:26:51"
"164","60","306","84","Economic third education notice.","0.71","2021-05-28 15:38:33"
"165","60","14","84","Include section he.","3.08","2022-08-22 13:20:45"
"166","45","89","59","Investment market time nearly.","1.78","2021-06-07 18:43:05"
"167","94","48","64","Himself central modern PM.","3.03","2020-10-06 18:20:48"
"168","67","415","0","Station past serious cause water.","2.87","2020-12-25 20:51:00"
"169","43","489","27","Few college I camera away why.","0.73","2020-01-30 22:28:45"
"170","93","146","84","North blood magazine.","5.76","2023-05-08 08:22:07"
"171","39","109","4","Close about eye.","1.14","2022-11-27 09:36:42"
"172","14","118","4","Good father you future specific tough.","3.27","2022-02-03 03:50:09"
"173","47","286","44","Within recent involve continue want answer.","3.47","2020-02-23 00:45:44"
"174","27","467","59","Finally offer compare could difficult.","3.77","2022-05-24 05:26:55"
"175","46","475","61","Skill century pass commercial range.","1.22","2023-09-07 07:06:33"
"176","40","339","44","Exist read clearly write.","4.0","2023-09-13 04:26:00"
"177","49","230","73","Sort seat his tree page across.","4.13","2022-08-16 15:55:09"
"178","80","361","27","Alone her down.","3.49","2021-08-24 20:55:06"
"179","85","138","73","Would take inside research her attack.","5.47","2022-01-06 13:14:17"
"180","80","366","64","Investment remember may.","2.28","2020-08-16 06:56:54"
"181","38","138","61","Stage adult kind moment themselves.","1.75","2022-09-17 10:05:21"
"182","90","302","60","Management mean big.","2.39","2023-06-18 18:26:54"
"183","15","186","73","Summer guy future.","3.7","2020-01-26 09:20:27"
"184","14","216","61","Medical sign step a party entire.","3.86","2021-06-12 00:47:24"
"185","44","317","4","Feeling add suffer off.","0.24","2022-01-04 01:54:20"
"186","73","474","44","Hit unit skill.","1.22","2021-10-05 13:35:37"
"187","19","217","0","Fine for mention design.","2.29","2020-11-28 05:30:03"
"188","89","180","27","Chance statement those whether after.","0.89","2023-04-26 12:28:25"
"189","49","455","27","Break painting budget Congress care.","3.18","2021-08-21 03:34:14"
"190","45","106","59","Control add exactly show drop we.","5.63","2022-04-04 14:30:04"
"191","86","34","61","Trade rest budget away.","4.22","2023-09-14 11:04:42"
"192","35","252","61","Difficult individual when past someone.","2.23","2023-04-28 20:43:02"
"193","97","177","0","Seven group think head.","1.82","2022-08-25 19:46:21"
"194","50","432","27","Much others north home describe paper.","4.8","2022-04-29 16:11:18"
"195","18","446","44","Wide senior actually.","3.56","2021-07-23 21:35:02"
"196","24","68","59","Image yourself leader fund professor.","3.0","2022-06-08 08:42:30"
"197","16","384","59","Treat team study late.","2.66","2021-12-03 23:45:03"
"198","62","311","64","Way unit test new.","1.84","2020-04-16 19:39:45"
"199","11","379","64","Must glass response Congress thank.","3.9","2022-11-09 11:53:53"
