"0","tamaramorrison@hotmail.com","pbkdf2:sha256:600000$qv76UQDzFDx2dFTO$dcadfede9bcac7d9ee0b856a97de9c25fe5910beba78f12f49ad6dc03ab80427","Gary","Cross","711 Golden Overpass
West Andreaville, OH 44115","455","https://t4.ftcdn.net/jpg/00/64/67/63/360_F_64676383_LdbmhiNM6Ypzb3FM4PPuFP9rHe7ri8Ju.jpg"
"1","stephenschristine@yahoo.com","pbkdf2:sha256:600000$pj1lMTVgg0VjNZET$564c892f402fd08e5164183c7ab58996a4c12721e1b095d80500f5bf707c02eb","Madison","Obrien","Unit 0903 Box 2173
DPO AP 08507","226","https://t4.ftcdn.net/jpg/00/64/67/63/360_F_64676383_LdbmhiNM6Ypzb3FM4PPuFP9rHe7ri8Ju.jpg"
"2","hensontroy@yahoo.com","pbkdf2:sha256:600000$X15pwwLtOGngLS9L$e4a76207fa131dd86fbac8e692c7b50c669a062abf0a4a06149b0bab56d6b2dd","Ronald","Miller","9606 Barton Station Apt. 271
Jacquelinemouth, NC 64367","478","https://t4.ftcdn.net/jpg/00/64/67/63/360_F_64676383_LdbmhiNM6Ypzb3FM4PPuFP9rHe7ri8Ju.jpg"
"3","kimberly00@yahoo.com","pbkdf2:sha256:600000$cyp1pX0mkeObu5Vm$1774b16cc380cc7fa8c2d4e2049b44abc87440f5dfda901c2fe0b5189be32b28","Melanie","Grant","658 Jared Radial Suite 022
Mathewstad, VT 12783","153","https://t4.ftcdn.net/jpg/00/64/67/63/360_F_64676383_LdbmhiNM6Ypzb3FM4PPuFP9rHe7ri8Ju.jpg"
"4","ryanhoward@gmail.com","pbkdf2:sha256:600000$cvO69TuAvS77NroA$925fa6cab293b731e53c4d8e4c4e40a3c741aaece281e24620e6d3da5547bfdd","Jaime","Villegas","0168 West Overpass
South Christopher, IN 34699","884","https://t4.ftcdn.net/jpg/00/64/67/63/360_F_64676383_LdbmhiNM6Ypzb3FM4PPuFP9rHe7ri8Ju.jpg"
"5","melissayates@hotmail.com","pbkdf2:sha256:600000$9ViqsSTJyJQkUSzM$aafde248c401b0f6a10b240a2a9f1d231e7dd44f28da9109bf46d62285b8abcb","Amanda","Smith","8688 Audrey Springs Apt. 634
Petersenfort, PR 51431","758","https://t4.ftcdn.net/jpg/00/64/67/63/360_F_64676383_LdbmhiNM6Ypzb3FM4PPuFP9rHe7ri8Ju.jpg"
"6","vmendez@hotmail.com","pbkdf2:sha256:600000$bPKBUYaI1BIr6I4t$05bed73c41f4c8c0a6c46c10630bb244735c669deccf6232697d00343ef53dfd","John","Ellis","518 Lee Tunnel
Rodriguezton, RI 92358","992","https://t4.ftcdn.net/jpg/00/64/67/63/360_F_64676383_LdbmhiNM6Ypzb3FM4PPuFP9rHe7ri8Ju.jpg"
"7","aaronhopkins@hotmail.com","pbkdf2:sha256:600000$vc5DhBweyIdKvItM$0465fda13177dbacbae6c752e2e9344736eaf19b0fcd7d272f454baab69ecb2f","Amanda","Griffin","1150 Bailey Branch
Port Michael, PA 19282","765","https://t4.ftcdn.net/jpg/00/64/67/63/360_F_64676383_LdbmhiNM6Ypzb3FM4PPuFP9rHe7ri8Ju.jpg"
"8","bennettalan@hotmail.com","pbkdf2:sha256:600000$fWc0PesAlmPPD78O$504ab5b34e6104490721211900953d9b8bfbce2ccf72587c6aa92ed014ff9fa7","David","White","12648 Yang Divide Suite 451
South Cynthia, SC 69865","451","https://t4.ftcdn.net/jpg/00/64/67/63/360_F_64676383_LdbmhiNM6Ypzb3FM4PPuFP9rHe7ri8Ju.jpg"
"9","april98@hotmail.com","pbkdf2:sha256:600000$R0mog7JVi6qZW6Gs$734ff6255b598f545052f64cd413dc24e9b3e6370e8ac3146bce940759e96133","Kelly","Perkins","391 Chad Greens Suite 851
Port Frank, MT 38471","544","https://t4.ftcdn.net/jpg/00/64/67/63/360_F_64676383_LdbmhiNM6Ypzb3FM4PPuFP9rHe7ri8Ju.jpg"
"10","fsimmons@yahoo.com","pbkdf2:sha256:600000$OfDNvdmaLS3iRlOU$b9cb0acc60eb49780c6ccf0c64f679951e5b1b512f365c23af1c17b9a1313255","April","Nelson","16756 Mark Rue Suite 272
Davidburgh, NV 46267","225","https://t4.ftcdn.net/jpg/00/64/67/63/360_F_64676383_LdbmhiNM6Ypzb3FM4PPuFP9rHe7ri8Ju.jpg"
"11","hstevens@gmail.com","pbkdf2:sha256:600000$1PN4ilSTOFx2bYtm$0eb2c9ec02ef3b10a5367321280b4533ae79273ff2e0227936fdff3f51ea161a","Jesus","Nguyen","34448 Scott Key Apt. 048
North Stevenmouth, AR 54518","246","https://t4.ftcdn.net/jpg/00/64/67/63/360_F_64676383_LdbmhiNM6Ypzb3FM4PPuFP9rHe7ri8Ju.jpg"
"12","taylorjamie@yahoo.com","pbkdf2:sha256:600000$VtgHYFI9QwrvJXKX$920f2fd93280c9e5aeccf2a70f5de2d606e53af41f75dc389ada52b297bf9f92","Mitchell","Payne","57492 Lisa Plaza Suite 590
South Eric, HI 67409","785","https://t4.ftcdn.net/jpg/00/64/67/63/360_F_64676383_LdbmhiNM6Ypzb3FM4PPuFP9rHe7ri8Ju.jpg"
"13","areyes@yahoo.com","pbkdf2:sha256:600000$t7nocZ23EdjsWaz4$a01b594e089a796cc3b7ec641479707c8c16a967ae0cfdec018eb9ccb47d15b2","Katherine","Brown","56237 Thomas Inlet
Lake Mark, WY 98452","544","https://t4.ftcdn.net/jpg/00/64/67/63/360_F_64676383_LdbmhiNM6Ypzb3FM4PPuFP9rHe7ri8Ju.jpg"
"14","linda39@hotmail.com","pbkdf2:sha256:600000$p2LYyIowa6v1QUk2$6b5ff80b6450149d2dbd066e72d72556e2cb6cfb3ebe6c0e339f72b7c3ae44ee","Raymond","III","04049 Cooley Track Apt. 885
Goodview, IL 15704","545","https://t4.ftcdn.net/jpg/00/64/67/63/360_F_64676383_LdbmhiNM6Ypzb3FM4PPuFP9rHe7ri8Ju.jpg"
"15","allison23@hotmail.com","pbkdf2:sha256:600000$0Dv4KWK9lo13xbP2$765943e3d810636fca7afee0ef7cf3bd75e5128043cc3fe1dbd8e0e46ef57e7a","Justin","Branch","296 Marshall Camp
Fieldsbury, MH 02557","642","https://t4.ftcdn.net/jpg/00/64/67/63/360_F_64676383_LdbmhiNM6Ypzb3FM4PPuFP9rHe7ri8Ju.jpg"
"16","patricialozano@hotmail.com","pbkdf2:sha256:600000$namhI2xK9pZLyNdL$9655029b99a14546041b3881bb0f89064ff0585f665c2d78cc34bb1897d28377","Timothy","Kirk","Unit 4629 Box 2648
DPO AE 21854","733","https://t4.ftcdn.net/jpg/00/64/67/63/360_F_64676383_LdbmhiNM6Ypzb3FM4PPuFP9rHe7ri8Ju.jpg"
"17","martha85@hotmail.com","pbkdf2:sha256:600000$OKCkj4O16Q7fmwty$8eecab0196a224587fcd103cb838585f8e5bc0afef27eebbd8aa5d28ccbe77e6","Emily","Arroyo","252 Ingram Centers Apt. 850
North Ronaldstad, OK 59690","139","https://t4.ftcdn.net/jpg/00/64/67/63/360_F_64676383_LdbmhiNM6Ypzb3FM4PPuFP9rHe7ri8Ju.jpg"
"18","sheryldominguez@gmail.com","pbkdf2:sha256:600000$WEVhX1i0eZMVLPDk$004515465d904e7a33a86411f34cb65bd6fd1ee8d241f42662238803b5113869","Rachel","Reese","0811 Howard Courts Suite 028
Susantown, MS 44762","798","https://t4.ftcdn.net/jpg/00/64/67/63/360_F_64676383_LdbmhiNM6Ypzb3FM4PPuFP9rHe7ri8Ju.jpg"
"19","thomaswalker@yahoo.com","pbkdf2:sha256:600000$ltPLGiftxQUmVJuc$156ba06cf9f538fe562537f36e9abd2118441005e5b24858ae42173418496956","Mrs.","MD","66953 Michael Forge Suite 126
Tammychester, MH 57653","660","https://t4.ftcdn.net/jpg/00/64/67/63/360_F_64676383_LdbmhiNM6Ypzb3FM4PPuFP9rHe7ri8Ju.jpg"
"20","garyclark@gmail.com","pbkdf2:sha256:600000$z43cWENEvTmecRFB$e9892fe6e31cde06274c778fffc9a6dc254d7061fa4bc175b2fb953113aa2202","Eddie","Reynolds","19520 Ray Mountain
Lake Jenniferland, WI 56262","537","https://t4.ftcdn.net/jpg/00/64/67/63/360_F_64676383_LdbmhiNM6Ypzb3FM4PPuFP9rHe7ri8Ju.jpg"
"21","lbaker@gmail.com","pbkdf2:sha256:600000$SGDqAafvsSDayscQ$84724382f20bb44ad91803a0f84d2b3b45af7504e4502ee9790827f7c73f74a3","Heidi","Sharp","732 Kimberly Pass Apt. 028
Franklinborough, NV 93317","175","https://t4.ftcdn.net/jpg/00/64/67/63/360_F_64676383_LdbmhiNM6Ypzb3FM4PPuFP9rHe7ri8Ju.jpg"
"22","mariahwilson@yahoo.com","pbkdf2:sha256:600000$m4NMTPt7UpoPZIHQ$3a8cf904971e7befbc8ebd2419bd39ee79d0d4a2b9a4859186c802fca816bc9a","Dana","Jimenez","14963 Stuart Wall Apt. 343
Kellerstad, LA 50877","889","https://t4.ftcdn.net/jpg/00/64/67/63/360_F_64676383_LdbmhiNM6Ypzb3FM4PPuFP9rHe7ri8Ju.jpg"
"23","meyerchristine@yahoo.com","pbkdf2:sha256:600000$NIuwMWXZhPH6uEbS$cf7ce8da4729b1e02824ffebf0e43876341ad5aea2da6a6f118301c99897b5b1","Aimee","Nichols","USNS Miller
FPO AA 26414","549","https://t4.ftcdn.net/jpg/00/64/67/63/360_F_64676383_LdbmhiNM6Ypzb3FM4PPuFP9rHe7ri8Ju.jpg"
"24","katiemcdonald@hotmail.com","pbkdf2:sha256:600000$XKTTKtcSUGw8ojjl$26c1bdd577479af5deb7d7e50c69d0376a9d6653865e6564bc865254c9042603","Stacy","Tran","37457 Tanya Pike Apt. 348
North Ericton, MA 81999","421","https://t4.ftcdn.net/jpg/00/64/67/63/360_F_64676383_LdbmhiNM6Ypzb3FM4PPuFP9rHe7ri8Ju.jpg"
"25","estephens@gmail.com","pbkdf2:sha256:600000$XleXGgTeyO0siPLP$0c6382e17c6f7b0ddee001747912d8c202130b933e783d2e3c46859d2e7735fb","Nicole","Walton","006 Christopher Loop Suite 830
New Dawn, NM 40953","993","https://t4.ftcdn.net/jpg/00/64/67/63/360_F_64676383_LdbmhiNM6Ypzb3FM4PPuFP9rHe7ri8Ju.jpg"
"26","devin19@hotmail.com","pbkdf2:sha256:600000$Kb4wcAsxpdknvNnf$5f217ba4dba19f03feeb5cc61f0627561b9f2a3fb13aa6da4684368063d74f8d","Danielle","Soto","880 Robertson Bridge
South Lori, SC 34298","978","https://t4.ftcdn.net/jpg/00/64/67/63/360_F_64676383_LdbmhiNM6Ypzb3FM4PPuFP9rHe7ri8Ju.jpg"
"27","ocampbell@yahoo.com","pbkdf2:sha256:600000$bP9ji6dlQQ9AofMt$b94703852917671d3a2b02434e5e45b7b74b9aa5b038b02db2e298dadc1d3a18","Veronica","Barajas","00415 Levine Shoal Suite 038
West Carla, WY 51437","932","https://t4.ftcdn.net/jpg/00/64/67/63/360_F_64676383_LdbmhiNM6Ypzb3FM4PPuFP9rHe7ri8Ju.jpg"
"28","nicoleperkins@gmail.com","pbkdf2:sha256:600000$jQyUSx9IlWDpEPBh$feea4d51144e9421e9db76bb56bdf16ed21ec7a9e18e9ad06cb21a9cecedb3bf","Sarah","Howard","480 Jesse View
Schaeferburgh, IA 99887","253","https://t4.ftcdn.net/jpg/00/64/67/63/360_F_64676383_LdbmhiNM6Ypzb3FM4PPuFP9rHe7ri8Ju.jpg"
"29","ryanbaker@gmail.com","pbkdf2:sha256:600000$gbGleSN5R7K0GZpY$9f1bef7b62c11eb6b45ac4dbee9ac110ad0eb9bf74fb362e648b05da0231db4b","John","Gross","4559 Foster Locks
Emilyshire, MP 31334","143","https://t4.ftcdn.net/jpg/00/64/67/63/360_F_64676383_LdbmhiNM6Ypzb3FM4PPuFP9rHe7ri8Ju.jpg"
"30","michael36@gmail.com","pbkdf2:sha256:600000$dNV5mBHNRD2DUWkE$3829abc560b59e801c7e0108ae0b9018dc2c693f6fe128a50e0af197ba2acfae","Mary","Lynch","3675 Miller Meadows
Lake Angelburgh, AL 78341","188","https://t4.ftcdn.net/jpg/00/64/67/63/360_F_64676383_LdbmhiNM6Ypzb3FM4PPuFP9rHe7ri8Ju.jpg"
"31","imcclain@gmail.com","pbkdf2:sha256:600000$X0SDFXyJrp6kLCsh$0347b43ae5ac5509e07f7e6a7e49c466b9144e6c2745eff66f9d034e5e4cd5a8","Lisa","Beltran","52169 Brandon Loop Apt. 096
New Jessica, ME 53807","856","https://t4.ftcdn.net/jpg/00/64/67/63/360_F_64676383_LdbmhiNM6Ypzb3FM4PPuFP9rHe7ri8Ju.jpg"
"32","warrenannette@yahoo.com","pbkdf2:sha256:600000$8PhJEUE9HXiPtLfa$c54cb1c145f1aa60613db8e390055b43b99dc6eff72cad09b14a0cd62191d7af","Evelyn","Washington","681 Douglas Locks Suite 212
North Patrick, OK 15689","890","https://t4.ftcdn.net/jpg/00/64/67/63/360_F_64676383_LdbmhiNM6Ypzb3FM4PPuFP9rHe7ri8Ju.jpg"
"33","cherylstewart@yahoo.com","pbkdf2:sha256:600000$slrtqYQDvbrdXklk$cd5acd40a52aeb6d494f948b8d4768a16a96e83c7ee8aa4051f1bc6bc7150b4f","Thomas","Arroyo","520 Fox Expressway Suite 497
North Jasmine, RI 79115","581","https://t4.ftcdn.net/jpg/00/64/67/63/360_F_64676383_LdbmhiNM6Ypzb3FM4PPuFP9rHe7ri8Ju.jpg"
"34","aparker@yahoo.com","pbkdf2:sha256:600000$sfvINlkCsSxIKWEt$4ed82edc1f8f130965930ee553caec91ed21fd6918552dc834149cde0a2bbac3","Jennifer","Simon","48476 Allison Summit Suite 010
Tonyaview, RI 94899","225","https://t4.ftcdn.net/jpg/00/64/67/63/360_F_64676383_LdbmhiNM6Ypzb3FM4PPuFP9rHe7ri8Ju.jpg"
"35","stephenbeck@yahoo.com","pbkdf2:sha256:600000$be2HEEFjuySdHLYt$728ab8530ab190ea2001337d49f253218d2af41efb0b5ac23d461075762a7579","Leah","Bell","94930 Madison Streets Apt. 622
Ryanhaven, MD 29335","963","https://t4.ftcdn.net/jpg/00/64/67/63/360_F_64676383_LdbmhiNM6Ypzb3FM4PPuFP9rHe7ri8Ju.jpg"
"36","sandygarcia@gmail.com","pbkdf2:sha256:600000$e2ewP5ZbbkVp5278$9588c26b674d612720463ed98950bf8a7dee3e020d32e43ae26960540634e1bd","Dalton","Fritz","33319 Russell Village
New James, NM 12409","199","https://t4.ftcdn.net/jpg/00/64/67/63/360_F_64676383_LdbmhiNM6Ypzb3FM4PPuFP9rHe7ri8Ju.jpg"
"37","nbaker@gmail.com","pbkdf2:sha256:600000$c4IHnZIERHOd2a0V$18a6bc73aea9a05a24e2ec03bec034a8aec4a863b9655c13b811fc4754396a29","Erica","Vega","666 Douglas Club Suite 283
Bellshire, FL 75555","142","https://t4.ftcdn.net/jpg/00/64/67/63/360_F_64676383_LdbmhiNM6Ypzb3FM4PPuFP9rHe7ri8Ju.jpg"
"38","joel44@gmail.com","pbkdf2:sha256:600000$bh7TgdNFjIaky6Jw$c1e7f0b6d44faffed5f4ac9146abae4e34637f188254eb43365626c44595505d","Daniel","Davis","6988 Jennifer Stravenue
Bradshawport, CT 58848","148","https://t4.ftcdn.net/jpg/00/64/67/63/360_F_64676383_LdbmhiNM6Ypzb3FM4PPuFP9rHe7ri8Ju.jpg"
"39","carolyn44@hotmail.com","pbkdf2:sha256:600000$rmT77jRJYp4369GR$21f2ad3f82381d15d60962298910e76b849e0d69b4b3d774c3650b3ef69306da","Thomas","Alexander","87210 Pena Freeway
Walshville, MT 08009","571","https://t4.ftcdn.net/jpg/00/64/67/63/360_F_64676383_LdbmhiNM6Ypzb3FM4PPuFP9rHe7ri8Ju.jpg"
"40","bmorris@yahoo.com","pbkdf2:sha256:600000$oxKyZrq4ciqffsIJ$d36a5d5cfc38bc45216fd7c398b8fa0665492061314dd1c385f8c9f41f97e6e4","Nathaniel","Perez","5857 Gilmore Stravenue
Melvinburgh, HI 29630","636","https://t4.ftcdn.net/jpg/00/64/67/63/360_F_64676383_LdbmhiNM6Ypzb3FM4PPuFP9rHe7ri8Ju.jpg"
"41","michaelcoleman@yahoo.com","pbkdf2:sha256:600000$qKCJgicvJnNnZ6jr$837d313c11873718f27835b2fd68c3e4257dc9542d34cd456072d1fe02e499bf","James","Newman","472 Craig Meadows Suite 994
Kelleyport, MT 77284","67","https://t4.ftcdn.net/jpg/00/64/67/63/360_F_64676383_LdbmhiNM6Ypzb3FM4PPuFP9rHe7ri8Ju.jpg"
"42","nancyparrish@yahoo.com","pbkdf2:sha256:600000$HAeCQMjZlaasjjhZ$2ab2529b2a644adf1e0824077e5b2f639d49c1c0276773868fdeead0817c71cc","Barry","Hubbard","1600 Miguel Hill
Brianton, RI 06150","83","https://t4.ftcdn.net/jpg/00/64/67/63/360_F_64676383_LdbmhiNM6Ypzb3FM4PPuFP9rHe7ri8Ju.jpg"
"43","denisetaylor@gmail.com","pbkdf2:sha256:600000$FI8whX6GdtzPIG27$c835f1efae343e7efa151273450b01e8f03e22ca75ec27d54683ff3cb60df678","David","Steele","Unit 4585 Box 0002
DPO AA 97569","501","https://t4.ftcdn.net/jpg/00/64/67/63/360_F_64676383_LdbmhiNM6Ypzb3FM4PPuFP9rHe7ri8Ju.jpg"
"44","lindseyeric@gmail.com","pbkdf2:sha256:600000$DU35qcEGUzyYIgL0$7c65e101fa809591d2a6f37fe6e45e1a7436b5db9d8868e2f0ddce431e6ec730","Adam","Gregory","5812 Gonzalez Port
South Justinton, KS 01181","239","https://t4.ftcdn.net/jpg/00/64/67/63/360_F_64676383_LdbmhiNM6Ypzb3FM4PPuFP9rHe7ri8Ju.jpg"
"45","johnny46@hotmail.com","pbkdf2:sha256:600000$p0cJ9Sm5ywnSlGBc$727110414c74376414f4ba3caef3255be2d60e1c4dc6a9f52f2770b19ca39b7f","Dr.","II","212 Thompson Glens Suite 586
Marshallview, PA 41804","23","https://t4.ftcdn.net/jpg/00/64/67/63/360_F_64676383_LdbmhiNM6Ypzb3FM4PPuFP9rHe7ri8Ju.jpg"
"46","taylorsteven@gmail.com","pbkdf2:sha256:600000$FHRfObCFZWvqrFWP$690b7b9e856bfdb02bc717e789f937a573f05b0526e20b4ca0279e81c4b37746","William","Burns","468 Kristopher Curve Apt. 215
North Anthony, NJ 10721","264","https://t4.ftcdn.net/jpg/00/64/67/63/360_F_64676383_LdbmhiNM6Ypzb3FM4PPuFP9rHe7ri8Ju.jpg"
"47","thomasallen@hotmail.com","pbkdf2:sha256:600000$CjofU1CBgC2N51Hp$33a17a8c55f41c1cb7264c28d579e9624da62fd0834a9338fcae4b119c4fd19f","Christopher","Guerrero","65545 Jaime Run
Danielleburgh, PR 73609","916","https://t4.ftcdn.net/jpg/00/64/67/63/360_F_64676383_LdbmhiNM6Ypzb3FM4PPuFP9rHe7ri8Ju.jpg"
"48","josephmason@hotmail.com","pbkdf2:sha256:600000$FuBpiCtYPF8AlLrK$1feebc99b3ccdbc32464a228f0fad7ad46c4f67daf7058f9210a297ac54e6e27","Kathryn","Noble","15233 Keller Wall Suite 978
Kimtown, RI 90203","112","https://t4.ftcdn.net/jpg/00/64/67/63/360_F_64676383_LdbmhiNM6Ypzb3FM4PPuFP9rHe7ri8Ju.jpg"
"49","richard56@yahoo.com","pbkdf2:sha256:600000$sk2plKyPSToBTRwF$714c658e44cde8b79137e1a9266e7a240d9ac322d9bfe4a9d50fe0eff0e8bcf2","Stacey","Rojas","4475 Henry Valleys
Zacharyport, NV 70521","14","https://t4.ftcdn.net/jpg/00/64/67/63/360_F_64676383_LdbmhiNM6Ypzb3FM4PPuFP9rHe7ri8Ju.jpg"
"50","websterrandy@gmail.com","pbkdf2:sha256:600000$KPmAcKOlkETKGYWB$36d0c0740632c3614dea831ee2d36e71987035bb08f481908751d788cf99a98f","Laura","Morrison","224 Sparks Islands
South Valerie, MA 72097","351","https://t4.ftcdn.net/jpg/00/64/67/63/360_F_64676383_LdbmhiNM6Ypzb3FM4PPuFP9rHe7ri8Ju.jpg"
"51","obarr@hotmail.com","pbkdf2:sha256:600000$koXI5u2ACc18yRZo$ebed421daacc9b886279342369137b91dc1c361269540f274d92f94b08468c79","Samantha","Morgan","73065 Kelly Glen
Kerrton, ME 58929","485","https://t4.ftcdn.net/jpg/00/64/67/63/360_F_64676383_LdbmhiNM6Ypzb3FM4PPuFP9rHe7ri8Ju.jpg"
"52","abigailandrews@hotmail.com","pbkdf2:sha256:600000$P7Jpj2ywSB3k3sTJ$9d01adbb78e243cce7cc884fbfde2570cfe0644a117b7fb97dee28c8025377e2","Natalie","Galloway","4380 Jones Run
New Jacobfort, WV 86817","153","https://t4.ftcdn.net/jpg/00/64/67/63/360_F_64676383_LdbmhiNM6Ypzb3FM4PPuFP9rHe7ri8Ju.jpg"
"53","santiagocrystal@hotmail.com","pbkdf2:sha256:600000$RQ3QxhLbIUHQxzft$edac648f6198f12a3f053bd55c23fc28b0aa937ad470a0f60e7f3dade3ff9e7d","Christopher","Berry","66923 Anthony Canyon
Sullivanport, GA 50346","945","https://t4.ftcdn.net/jpg/00/64/67/63/360_F_64676383_LdbmhiNM6Ypzb3FM4PPuFP9rHe7ri8Ju.jpg"
"54","amyscott@yahoo.com","pbkdf2:sha256:600000$iWz6h0JqP4CQYY9h$60dcc94db63d5047a21fb2bf1e969f70355bc562dd728af568ebbe9bbaab15c2","Mason","Warren","122 Johnson Crescent
New Tabitha, NC 81643","45","https://t4.ftcdn.net/jpg/00/64/67/63/360_F_64676383_LdbmhiNM6Ypzb3FM4PPuFP9rHe7ri8Ju.jpg"
"55","wmontoya@hotmail.com","pbkdf2:sha256:600000$Uc3TAsSO3t600nYC$35dcceec0a41c65b619762778e1f5761ae54274343e2ff84928067745bea7285","Ashley","Cantrell","74389 Chris Union Apt. 564
Sarahville, WY 18910","64","https://t4.ftcdn.net/jpg/00/64/67/63/360_F_64676383_LdbmhiNM6Ypzb3FM4PPuFP9rHe7ri8Ju.jpg"
"56","fitzgeraldtim@hotmail.com","pbkdf2:sha256:600000$bi49KJKuToyLsrsR$61fc16f5ed32d57b2c1338d8b7a79d45679ec5e9433667773bb7355494c3971b","Brianna","Howard","2052 William Rest
North Jessica, MH 74153","944","https://t4.ftcdn.net/jpg/00/64/67/63/360_F_64676383_LdbmhiNM6Ypzb3FM4PPuFP9rHe7ri8Ju.jpg"
"57","michellejackson@hotmail.com","pbkdf2:sha256:600000$AH84yccsN24jqNte$79946e9be02db7588b08fca21a2522beed110f01060602bcae9e9d5f703a3ee3","Mark","Fuller","USNS Martin
FPO AA 01925","94","https://t4.ftcdn.net/jpg/00/64/67/63/360_F_64676383_LdbmhiNM6Ypzb3FM4PPuFP9rHe7ri8Ju.jpg"
"58","porterjoel@hotmail.com","pbkdf2:sha256:600000$gwCkWROkb6s6yFE9$c0806e1a464d017d30b5d1b3123b242d329f71dffac48be19e74628268f9163e","Thomas","Velasquez","591 Ashley Shores
North Andrewmouth, DE 68242","803","https://t4.ftcdn.net/jpg/00/64/67/63/360_F_64676383_LdbmhiNM6Ypzb3FM4PPuFP9rHe7ri8Ju.jpg"
"59","tammy10@yahoo.com","pbkdf2:sha256:600000$xwk71H5VNy6c95gu$817401171908e65da591d23166155a030f6b57bb0f9b3b1cd84cf74030b0dcab","Christopher","Mitchell","515 Lindsey Village Apt. 594
Travismouth, GA 32478","811","https://t4.ftcdn.net/jpg/00/64/67/63/360_F_64676383_LdbmhiNM6Ypzb3FM4PPuFP9rHe7ri8Ju.jpg"
"60","christianhernandez@gmail.com","pbkdf2:sha256:600000$qHxpEnchGKyNIX8G$927b1c1f6f6cf3add8dfaa304b541c5bec61f81c4eaa4b4fb889439165ef33f6","Jeffrey","Griffin","436 Brian Trafficway Apt. 295
North Bob, ND 21817","398","https://t4.ftcdn.net/jpg/00/64/67/63/360_F_64676383_LdbmhiNM6Ypzb3FM4PPuFP9rHe7ri8Ju.jpg"
"61","randallwendy@yahoo.com","pbkdf2:sha256:600000$gSyOvXLaWA3pVxb7$ea5e3ab822d465b0b6f42b5b411d98690ff5f7bb0620d2eaff2f5775dd190cbb","Chase","Foley","5263 Eric Mount Suite 930
Derekmouth, MT 74898","706","https://t4.ftcdn.net/jpg/00/64/67/63/360_F_64676383_LdbmhiNM6Ypzb3FM4PPuFP9rHe7ri8Ju.jpg"
"62","heathercrawford@yahoo.com","pbkdf2:sha256:600000$qLsyZXeWvvmlaLbE$e3e5b5596853db46b825b4923ed295c0f90961a34c8477c0821d76d0917dbb46","Matthew","Cisneros","96654 Kelly Parks
Randybury, WY 61048","754","https://t4.ftcdn.net/jpg/00/64/67/63/360_F_64676383_LdbmhiNM6Ypzb3FM4PPuFP9rHe7ri8Ju.jpg"
"63","pauldiaz@gmail.com","pbkdf2:sha256:600000$zDrkCG0HJpUPlflN$32f072836cdbcca44a2d76edc8e78ee5f5e53d9385ab268c13c5607c02866f5f","Tyler","Pace","931 Henderson Shores Apt. 948
Pamelaberg, AZ 01714","829","https://t4.ftcdn.net/jpg/00/64/67/63/360_F_64676383_LdbmhiNM6Ypzb3FM4PPuFP9rHe7ri8Ju.jpg"
"64","victorlewis@gmail.com","pbkdf2:sha256:600000$1D9X2LnWW6hlez3r$4194bd3953ddbf7d556c43921df467f1cbfe2342a668a53805f7e8281b036f0a","Matthew","Beltran","84638 Lisa Ridges
Melissamouth, KS 67260","927","https://t4.ftcdn.net/jpg/00/64/67/63/360_F_64676383_LdbmhiNM6Ypzb3FM4PPuFP9rHe7ri8Ju.jpg"
"65","armstrongcolleen@gmail.com","pbkdf2:sha256:600000$shQfqALkKBy3F6eL$216ce1be0cd5e7f74b2a3e0d8a47c8b426c2516f1e432d43cbf26132f27fab26","Sandra","Powell","39594 Kevin Ways Apt. 634
Andrewton, NE 96331","49","https://t4.ftcdn.net/jpg/00/64/67/63/360_F_64676383_LdbmhiNM6Ypzb3FM4PPuFP9rHe7ri8Ju.jpg"
"66","charlotte38@gmail.com","pbkdf2:sha256:600000$jN8MNX47h0ZnN2cg$bbe3b6fa01fa0b6163e71c3cfb33d5d1d5f1767f9319df878729a54b53e76b8b","Kristen","Hall","26713 Morgan Crest
South Monica, NM 55598","714","https://t4.ftcdn.net/jpg/00/64/67/63/360_F_64676383_LdbmhiNM6Ypzb3FM4PPuFP9rHe7ri8Ju.jpg"
"67","kristinperry@yahoo.com","pbkdf2:sha256:600000$18S6WkFa49J8GiXv$6dd430ff638a3e3a0f96553cab0472d5665d7ad167d3231bcc6251710c84255b","Jacob","Roy","Unit 1844 Box 0663
DPO AE 79652","823","https://t4.ftcdn.net/jpg/00/64/67/63/360_F_64676383_LdbmhiNM6Ypzb3FM4PPuFP9rHe7ri8Ju.jpg"
"68","cbrown@yahoo.com","pbkdf2:sha256:600000$vEOyILRSfkxwGFGC$43e9a2dcb57f56213cdc04498adb1914c05a0fede321eb51984db428c945889c","Shannon","Boyd","USCGC Le
FPO AE 34436","854","https://t4.ftcdn.net/jpg/00/64/67/63/360_F_64676383_LdbmhiNM6Ypzb3FM4PPuFP9rHe7ri8Ju.jpg"
"69","patricklopez@hotmail.com","pbkdf2:sha256:600000$lA2n0MKTlhIvTHen$b1b22dc784c47dd6589784b45547ff4f15681557fc199d5e5a4e1ff7ef4aefe5","Jessica","Wilson","554 April Circles Suite 196
Tylerville, VA 60222","352","https://t4.ftcdn.net/jpg/00/64/67/63/360_F_64676383_LdbmhiNM6Ypzb3FM4PPuFP9rHe7ri8Ju.jpg"
"70","osanders@gmail.com","pbkdf2:sha256:600000$dXF8mGkgmk0mXKJz$bfc078978df6c253cd9231ae18f467a9bf75d4aa445e01060fb428c901f304f6","Keith","Ramsey","5383 Kimberly Tunnel Apt. 342
South Jesse, CO 30873","629","https://t4.ftcdn.net/jpg/00/64/67/63/360_F_64676383_LdbmhiNM6Ypzb3FM4PPuFP9rHe7ri8Ju.jpg"
"71","cford@hotmail.com","pbkdf2:sha256:600000$AZ6hyO95uE5GsdKI$848248951403255b5648d6ccdec3068acfb452ac80966ffb8bfb4856baa7bfb8","Katherine","Ruiz","USS Pearson
FPO AE 99135","796","https://t4.ftcdn.net/jpg/00/64/67/63/360_F_64676383_LdbmhiNM6Ypzb3FM4PPuFP9rHe7ri8Ju.jpg"
"72","privera@gmail.com","pbkdf2:sha256:600000$iKXapzZwaFC9x2NW$4a85f0929dd721873a407169a1712edd410c3dd1794ada9b72f5b66a7ed7e5dc","Patricia","Pearson","27901 John Drive Suite 233
New Dominique, AR 59360","895","https://t4.ftcdn.net/jpg/00/64/67/63/360_F_64676383_LdbmhiNM6Ypzb3FM4PPuFP9rHe7ri8Ju.jpg"
"73","brian64@yahoo.com","pbkdf2:sha256:600000$wCbZqQ6nKyQulI3D$5418cf3ede59d7ee1f0806abc9eca3fb55afb29bce5c1401dce4b12f553f1cfe","Alan","Pineda","4701 Hall Groves
East Amystad, MN 35533","888","https://t4.ftcdn.net/jpg/00/64/67/63/360_F_64676383_LdbmhiNM6Ypzb3FM4PPuFP9rHe7ri8Ju.jpg"
"74","diazfrank@yahoo.com","pbkdf2:sha256:600000$OHJGESKEpzLlykjI$32423272ce2e48acbb8e75538389c8b3535473ecda193910c8e8cbb030b6c19a","Jamie","Clark","USS Bullock
FPO AE 79810","347","https://t4.ftcdn.net/jpg/00/64/67/63/360_F_64676383_LdbmhiNM6Ypzb3FM4PPuFP9rHe7ri8Ju.jpg"
"75","qferrell@hotmail.com","pbkdf2:sha256:600000$Y96Uqg6NkBdSHfne$c606081cc454530a75e111d3b3d43e82bef4929e4237b1497a1a2b1edf6fc3cc","David","Harris","9052 Miller Shores
Knappberg, TN 60227","13","https://t4.ftcdn.net/jpg/00/64/67/63/360_F_64676383_LdbmhiNM6Ypzb3FM4PPuFP9rHe7ri8Ju.jpg"
"76","patrick19@yahoo.com","pbkdf2:sha256:600000$2LLmfHjmiUXmlQ0R$c2c95b0c4476a7821fdb0a600c832be0767dd08ad43680f98ff176767631a3e4","John","Coleman","3990 Terri Tunnel Suite 324
South Monica, RI 14378","406","https://t4.ftcdn.net/jpg/00/64/67/63/360_F_64676383_LdbmhiNM6Ypzb3FM4PPuFP9rHe7ri8Ju.jpg"
"77","brookeclark@yahoo.com","pbkdf2:sha256:600000$TZy0jxQVtuSHUX1e$689755e6bd9c0d40937223d3baaa4ff579c8d7adaf4d5defda75eaa723d8c570","Katelyn","Howell","542 Kim Lodge
Michaelfort, PR 54847","983","https://t4.ftcdn.net/jpg/00/64/67/63/360_F_64676383_LdbmhiNM6Ypzb3FM4PPuFP9rHe7ri8Ju.jpg"
"78","kellywright@gmail.com","pbkdf2:sha256:600000$8OQ240Hk9oSGCIT8$3620398fa449088f8e8985086405ede0802b48858ca22b6cde2e53d9db2d2245","Joshua","Jacobs","5507 William Brook
Wrightview, RI 96776","757","https://t4.ftcdn.net/jpg/00/64/67/63/360_F_64676383_LdbmhiNM6Ypzb3FM4PPuFP9rHe7ri8Ju.jpg"
"79","zrose@yahoo.com","pbkdf2:sha256:600000$h48A10ZGBXxut36W$cc282cc5ffac979d3102da79545ee13d331e583709bb3c3fde353bfb760dfb6b","Johnathan","Hill","PSC 5651, Box 8297
APO AP 77352","152","https://t4.ftcdn.net/jpg/00/64/67/63/360_F_64676383_LdbmhiNM6Ypzb3FM4PPuFP9rHe7ri8Ju.jpg"
"80","stevemartinez@hotmail.com","pbkdf2:sha256:600000$aVN0MuAWT5CycmBs$c9dc8db3a5444e4aeb981b80de6cf62dcf2619817e95752affce4e551a8159b6","John","Spence","2840 Stephanie Falls Suite 482
New Chad, IA 66166","769","https://t4.ftcdn.net/jpg/00/64/67/63/360_F_64676383_LdbmhiNM6Ypzb3FM4PPuFP9rHe7ri8Ju.jpg"
"81","kabbott@gmail.com","pbkdf2:sha256:600000$0WWD9LK7hgJ3heWL$434302a1ba7ba941d6b50b6eeb006dc066c94644ceda9c9cdc6d49bad893cd19","Ryan","Medina","6995 Patterson Field
South Brent, ID 06090","531","https://t4.ftcdn.net/jpg/00/64/67/63/360_F_64676383_LdbmhiNM6Ypzb3FM4PPuFP9rHe7ri8Ju.jpg"
"82","john35@hotmail.com","pbkdf2:sha256:600000$cl8SJInOSqlMbvJp$9194837b895367d3b1f608d7c524c556e448dc96014c85d05bbbb3e8d2d9a442","Susan","Jones","41576 Mendez Brook Apt. 199
Gonzalesmouth, NY 01480","283","https://t4.ftcdn.net/jpg/00/64/67/63/360_F_64676383_LdbmhiNM6Ypzb3FM4PPuFP9rHe7ri8Ju.jpg"
"83","xgarcia@yahoo.com","pbkdf2:sha256:600000$UzqmujkTbtTAkH6d$46fb253f50d944c1f607cbf624d65c26a2913891c7a18e46e6b55859f56a7c2e","Mr.","Sanchez","742 Daniel Flats
East David, ID 65643","181","https://t4.ftcdn.net/jpg/00/64/67/63/360_F_64676383_LdbmhiNM6Ypzb3FM4PPuFP9rHe7ri8Ju.jpg"
"84","meganhernandez@gmail.com","pbkdf2:sha256:600000$6MOpl5aKV868LMaU$aac5b9e1f9662a13e7772748426cfa01d9232389391939b2972a0ebde026005e","Samantha","Jarvis","89764 John Keys Suite 263
Browntown, KY 79820","411","https://t4.ftcdn.net/jpg/00/64/67/63/360_F_64676383_LdbmhiNM6Ypzb3FM4PPuFP9rHe7ri8Ju.jpg"
"85","lcollins@gmail.com","pbkdf2:sha256:600000$R1L45pSKcemSjzpC$23d0f34a45b871b206cd7439fde10a4386ff6dab7fff5f125d439af274db9139","John","Graves","5877 Clark Plains
Sweeneyville, WA 28933","937","https://t4.ftcdn.net/jpg/00/64/67/63/360_F_64676383_LdbmhiNM6Ypzb3FM4PPuFP9rHe7ri8Ju.jpg"
"86","john71@hotmail.com","pbkdf2:sha256:600000$vZNog7GSHjfkeJzr$e06b06e27c91e4cb0e683f0d9bd5392b48e0c12429163387b45cbd8b6e1fcc4e","George","Butler","57715 Harper Street
Barryborough, NC 38824","765","https://t4.ftcdn.net/jpg/00/64/67/63/360_F_64676383_LdbmhiNM6Ypzb3FM4PPuFP9rHe7ri8Ju.jpg"
"87","deborah72@hotmail.com","pbkdf2:sha256:600000$jYGxKgSFyAix1Ixz$a7fb05b04beed99f65c330d3849cd05132bb28929ce75ab48fad34e59c649773","Shawn","Gregory","747 Lee Ford Apt. 772
Port Russell, KY 29064","385","https://t4.ftcdn.net/jpg/00/64/67/63/360_F_64676383_LdbmhiNM6Ypzb3FM4PPuFP9rHe7ri8Ju.jpg"
"88","irwinwyatt@gmail.com","pbkdf2:sha256:600000$woDsdmqFCZBkUUS1$0d1a3cdc8cb7b9cb16b85517e2c04ba1f971435aaeb01b19ebb9db2973c48d37","David","DDS","0122 Hill Crossroad Apt. 255
Port Stephanie, IA 77834","500","https://t4.ftcdn.net/jpg/00/64/67/63/360_F_64676383_LdbmhiNM6Ypzb3FM4PPuFP9rHe7ri8Ju.jpg"
"89","pbrown@yahoo.com","pbkdf2:sha256:600000$LRK1YjY2vrwvxhh3$6d5ff427c8dcd9041c947b83826d857f3f7649db6f7f282e5d64014c4d62cccb","Mark","Chapman","89530 Anita Shoals
Ronaldport, MP 42703","999","https://t4.ftcdn.net/jpg/00/64/67/63/360_F_64676383_LdbmhiNM6Ypzb3FM4PPuFP9rHe7ri8Ju.jpg"
"90","elizabethyang@gmail.com","pbkdf2:sha256:600000$uSwdbX5p9UmCvoWV$0b1de05f3d89dd646b10f543e2123bddaee35546901535627d2b17e9061a5889","Savannah","Miller","300 Salazar Square Apt. 339
Boyerhaven, VI 23452","4","https://t4.ftcdn.net/jpg/00/64/67/63/360_F_64676383_LdbmhiNM6Ypzb3FM4PPuFP9rHe7ri8Ju.jpg"
"91","linda77@hotmail.com","pbkdf2:sha256:600000$Cte38uoYIY3yhwAI$8ee0cfa8393c5138cd1a2b812fe895a78d4d73b81ff64add92c438fad527ec25","Nicholas","Duarte","72103 Perez Road
Lake James, LA 57278","586","https://t4.ftcdn.net/jpg/00/64/67/63/360_F_64676383_LdbmhiNM6Ypzb3FM4PPuFP9rHe7ri8Ju.jpg"
"92","smithrichard@gmail.com","pbkdf2:sha256:600000$Y5ywrNoco6ChUnen$55c69760a677e548e161a8880cd367333a780853443a9c5a00a183c5301b0d3d","Deanna","Washington","7398 Rodriguez Lock Apt. 159
Lake Michelle, AK 66100","209","https://t4.ftcdn.net/jpg/00/64/67/63/360_F_64676383_LdbmhiNM6Ypzb3FM4PPuFP9rHe7ri8Ju.jpg"
"93","yolanda44@gmail.com","pbkdf2:sha256:600000$pepqNa0HSVDOLH2Z$dd391fb0774823849744063fef61a7384e86c743cc24d311770319ccdc91d353","Patrick","Cox","50019 Rodriguez Junction Apt. 555
Dylanmouth, CO 33868","598","https://t4.ftcdn.net/jpg/00/64/67/63/360_F_64676383_LdbmhiNM6Ypzb3FM4PPuFP9rHe7ri8Ju.jpg"
"94","jacqueline52@hotmail.com","pbkdf2:sha256:600000$LRL5VRAeI118AcV4$2e29e90cab0d7651e504f7a83eafc475c0aa42dc2475496a569b63c2246a2c18","Stanley","Rivas","5711 Frederick Field Suite 402
Lake Stephaniemouth, LA 87177","592","https://t4.ftcdn.net/jpg/00/64/67/63/360_F_64676383_LdbmhiNM6Ypzb3FM4PPuFP9rHe7ri8Ju.jpg"
"95","jkennedy@gmail.com","pbkdf2:sha256:600000$NynsHe7XNKPsiCPQ$735c490198bd00d6a3f6ea566f83956323cac1305471aaa9e984e757b9f1c2ae","Rebecca","Sandoval","15271 Martin Camp Apt. 444
New Elizabeth, PW 27679","647","https://t4.ftcdn.net/jpg/00/64/67/63/360_F_64676383_LdbmhiNM6Ypzb3FM4PPuFP9rHe7ri8Ju.jpg"
"96","jesseedwards@gmail.com","pbkdf2:sha256:600000$xYghCDCi7RPyex9g$a81cb0d27a9f8188565263b14a58677ab4cfb1357a9ce58741a5496a71d3097c","Justin","Anderson","580 Morrison Oval
Mosleyburgh, KS 90225","38","https://t4.ftcdn.net/jpg/00/64/67/63/360_F_64676383_LdbmhiNM6Ypzb3FM4PPuFP9rHe7ri8Ju.jpg"
"97","kathleen81@gmail.com","pbkdf2:sha256:600000$bzx7HzrkZHXFy8xr$9d4188b81eefadd4411fd17ddefd9ca873f273c27fd1855f557f1b1905e79b10","Jay","Butler","710 Fox Islands
Kimberlymouth, NJ 83584","68","https://t4.ftcdn.net/jpg/00/64/67/63/360_F_64676383_LdbmhiNM6Ypzb3FM4PPuFP9rHe7ri8Ju.jpg"
"98","jenniferthomas@gmail.com","pbkdf2:sha256:600000$mlGOfDlneOQyA3Oo$16afa63269198cd6dc840a9ec3a356c8f2437f68f6725340a7dbcb76b7bbb4fa","Jonathan","Dawson","80838 Johnson Curve Apt. 813
South Nathan, CA 54125","628","https://t4.ftcdn.net/jpg/00/64/67/63/360_F_64676383_LdbmhiNM6Ypzb3FM4PPuFP9rHe7ri8Ju.jpg"
"99","stephen01@gmail.com","pbkdf2:sha256:600000$RHV9Nki5dU0YwI40$53428225adc4f09d0f0dd75b7a6df69f3823d7f05575b93e87db9ab25715b361","Amy","Decker","814 Williams Trail Suite 707
Port Jacqueline, UT 81192","685","https://t4.ftcdn.net/jpg/00/64/67/63/360_F_64676383_LdbmhiNM6Ypzb3FM4PPuFP9rHe7ri8Ju.jpg"
