"0","tamaramorrison@hotmail.com","pbkdf2:sha256:600000$qx4uOB0ycS8a6yA6$1587c99bc69c1eb4490a77e0aa562b1d20738c99a398af827e875d6c95579374","Gary","Cross","711 Golden Overpass
West Andreaville, OH 44115","455"
"1","stephenschristine@yahoo.com","pbkdf2:sha256:600000$gI3f6rD2snRgHKVr$cddc7bc45f4ad7cf2e33dcaf6fd77379a2e2e11acaa5e6699bb652ae26d2f5b8","Madison","Obrien","Unit 0903 Box 2173
DPO AP 08507","226"
"2","hensontroy@yahoo.com","pbkdf2:sha256:600000$QD4oRu3IYutBdXPB$c82c0d9049e7203e72de5d9a8b1d5268e586fb3f412e8785504ccdff4ac90d68","Ronald","Miller","9606 Barton Station Apt. 271
Jacquelinemouth, NC 64367","478"
"3","kimberly00@yahoo.com","pbkdf2:sha256:600000$tgfWdHY30iY8P1Ud$8fd9665afdcffb28be146764d1dde51c80ec38dc0cda9eed58cc9b649f1414b5","Melanie","Grant","658 Jared Radial Suite 022
Mathewstad, VT 12783","153"
"4","ryanhoward@gmail.com","pbkdf2:sha256:600000$qnchLSFP6qOSvBuU$f4f0ca1e2bb94e7e7bce990cb780589d9eb74fca811ac3a6ddf741ca8e662204","Jaime","Villegas","0168 West Overpass
South Christopher, IN 34699","884"
"5","melissayates@hotmail.com","pbkdf2:sha256:600000$Av3sa9VawAPtSMTb$52e0e9973f87b65f2d8afd0c938753ac6758be3b7a7f32dce4d31d4640f1690b","Amanda","Smith","8688 Audrey Springs Apt. 634
Petersenfort, PR 51431","758"
"6","vmendez@hotmail.com","pbkdf2:sha256:600000$2hkN4CIsVMSoZcyz$7a787bc9ba059122d7f49e15e9d916e3a365e643cd61ff8fc7dd065ad42c7e10","John","Ellis","518 Lee Tunnel
Rodriguezton, RI 92358","992"
"7","aaronhopkins@hotmail.com","pbkdf2:sha256:600000$SZWu4kebfW0zPMQx$482df11792098975ebc3d5ba7fce36e334ec3a72e42c1389db75760ae6a25cd8","Amanda","Griffin","1150 Bailey Branch
Port Michael, PA 19282","765"
"8","bennettalan@hotmail.com","pbkdf2:sha256:600000$sK9wng6XMRKRWgYm$7972bc71ac4222fc83edda34f6eed50b7016cbdb9f8660e409d28993672e447e","David","White","12648 Yang Divide Suite 451
South Cynthia, SC 69865","451"
"9","april98@hotmail.com","pbkdf2:sha256:600000$I150gcivY3iCqjpl$18437f453c934eeebbc7944c089aeed4fd18897c3790bb5be93c0e6a752303ba","Kelly","Perkins","391 Chad Greens Suite 851
Port Frank, MT 38471","544"
"10","fsimmons@yahoo.com","pbkdf2:sha256:600000$oovBUJLfru25R5KB$7497fc02eed2d84d6426b5043014435a29eb8a8d88a14075b00b5873736f8928","April","Nelson","16756 Mark Rue Suite 272
Davidburgh, NV 46267","225"
"11","hstevens@gmail.com","pbkdf2:sha256:600000$IapmCvBVB8rlUgws$a42dbfb46dbd7b60ee5fd0d7208b9c872768b672e393684e37fd6931f9ec4bdf","Jesus","Nguyen","34448 Scott Key Apt. 048
North Stevenmouth, AR 54518","246"
"12","taylorjamie@yahoo.com","pbkdf2:sha256:600000$emncLqwoIJhLl793$28d65bb21ce51786385821bf84d3786b5e297c4ad76af1899ea695b1a0cf5cc2","Mitchell","Payne","57492 Lisa Plaza Suite 590
South Eric, HI 67409","785"
"13","areyes@yahoo.com","pbkdf2:sha256:600000$prPvfwnGASfslIUh$c1b49c8070825478ae2b6276b0f32172c59c8dcb7d256020256b5ae5b93e6ee1","Katherine","Brown","56237 Thomas Inlet
Lake Mark, WY 98452","544"
"14","linda39@hotmail.com","pbkdf2:sha256:600000$yz4j4hvRx9RnLHED$dc76e0a70b7892ae0bd07585a601ec02a91642164dfacfe12477353f199a289d","Raymond","III","04049 Cooley Track Apt. 885
Goodview, IL 15704","545"
"15","allison23@hotmail.com","pbkdf2:sha256:600000$z5yBMEsibdqkmpyY$726de5c8a66440d59a5f565b4fe6ad3417df06aa58144eafa9a5346a271f39ae","Justin","Branch","296 Marshall Camp
Fieldsbury, MH 02557","642"
"16","patricialozano@hotmail.com","pbkdf2:sha256:600000$HM6f4ce2EKFfyd4n$920511446160bc918a8a5a77aa74b979fb9e6b41eab91f3ef2000a74b0bb4ef5","Timothy","Kirk","Unit 4629 Box 2648
DPO AE 21854","733"
"17","martha85@hotmail.com","pbkdf2:sha256:600000$qfiDqEepU8qTexwU$a8ca36b58041d277f36f0eba8a2b6650dc38e13a549a7264b6da2cdbeb994f0b","Emily","Arroyo","252 Ingram Centers Apt. 850
North Ronaldstad, OK 59690","139"
"18","sheryldominguez@gmail.com","pbkdf2:sha256:600000$jqJkDgkfWmJD8pRP$5f964e5e19055bb9d542da1c9253cf2d86e06ea6fe57729d3c1c86a1a4a4b498","Rachel","Reese","0811 Howard Courts Suite 028
Susantown, MS 44762","798"
"19","thomaswalker@yahoo.com","pbkdf2:sha256:600000$J0ZRSOOlJR4itcdl$d57d7b0483674f18578dcc04f13ac14a7cd586172ea8cb3425e8ca7044e84ba3","Mrs.","MD","66953 Michael Forge Suite 126
Tammychester, MH 57653","660"
"20","garyclark@gmail.com","pbkdf2:sha256:600000$tzF9WGhFQ5wgZQyD$7b554069ff4a7f1b77d20d9c4082943840a5d273dd41d862b426801ea97830c0","Eddie","Reynolds","19520 Ray Mountain
Lake Jenniferland, WI 56262","537"
"21","lbaker@gmail.com","pbkdf2:sha256:600000$bIWe8R51tmA3xgFa$2c99526356e96f30dbd61abdc9db904171fe10aed6ce3ed558e525278151c486","Heidi","Sharp","732 Kimberly Pass Apt. 028
Franklinborough, NV 93317","175"
"22","mariahwilson@yahoo.com","pbkdf2:sha256:600000$lfeJuPeQt5qsGDMR$cf95b016c1d0fa075d8061161238da24c14120efcbd71924d61c15e9c0a6d926","Dana","Jimenez","14963 Stuart Wall Apt. 343
Kellerstad, LA 50877","889"
"23","meyerchristine@yahoo.com","pbkdf2:sha256:600000$wRUQO6iOmFhQYGLP$890d2233f2950e94d82843cc6598eadef2eaa26c743e5b1a10d6444c4493fee0","Aimee","Nichols","USNS Miller
FPO AA 26414","549"
"24","katiemcdonald@hotmail.com","pbkdf2:sha256:600000$bU3IiO1w4Pw5gKLs$38ba51ada3e67ed4001510ef9bb88c212a9dbb548f7eb454654573a5dbe5af88","Stacy","Tran","37457 Tanya Pike Apt. 348
North Ericton, MA 81999","421"
"25","estephens@gmail.com","pbkdf2:sha256:600000$Q6Qe1SIvkChKuYec$b2db283c2fda5f590bf54cc232f65a0d00dd459910820c2de89e156fc99211eb","Nicole","Walton","006 Christopher Loop Suite 830
New Dawn, NM 40953","993"
"26","devin19@hotmail.com","pbkdf2:sha256:600000$FuEhwlWAS1v4gY3F$821524f14376a337e564478b24f5a08267d8e66cf484d406594cb1de34acac67","Danielle","Soto","880 Robertson Bridge
South Lori, SC 34298","978"
"27","ocampbell@yahoo.com","pbkdf2:sha256:600000$xj3M9BjrpErEsNVk$772538ed4af984b1afdf2ceafa4377455380ad747fdad750946eebf821f20c37","Veronica","Barajas","00415 Levine Shoal Suite 038
West Carla, WY 51437","932"
"28","nicoleperkins@gmail.com","pbkdf2:sha256:600000$uR6yM7romUAqQpdh$b71d940fcbb43561b708e3ad29d69550f443c22410146dcd9ae73cf9ca2cbe05","Sarah","Howard","480 Jesse View
Schaeferburgh, IA 99887","253"
"29","ryanbaker@gmail.com","pbkdf2:sha256:600000$rBj2Uo5qZ6kIALrd$5cf61ab53d8427b494ecfcd7c553efb72f84232501fad374fab9ca3e378217d6","John","Gross","4559 Foster Locks
Emilyshire, MP 31334","143"
"30","michael36@gmail.com","pbkdf2:sha256:600000$xob5VTDsHrrfbxN9$da02b4c2d05d655a4f2b352e592ee1b6058f01f5c05c3266263d4905d0410dae","Mary","Lynch","3675 Miller Meadows
Lake Angelburgh, AL 78341","188"
"31","imcclain@gmail.com","pbkdf2:sha256:600000$eBt5dFRDLHjBGfPj$6d5fb6207d1e4077497c45e805443ce89fd7526ebe94936f78a80d171e3afc94","Lisa","Beltran","52169 Brandon Loop Apt. 096
New Jessica, ME 53807","856"
"32","warrenannette@yahoo.com","pbkdf2:sha256:600000$UGJEM0JPFO6Ddk3H$9b2d5227f2e71e304b43cca731e9690855a3606cf599c8be4f168208396c89be","Evelyn","Washington","681 Douglas Locks Suite 212
North Patrick, OK 15689","890"
"33","cherylstewart@yahoo.com","pbkdf2:sha256:600000$cwUpZhJk4F6VRp60$38ceb4a083b2eb82017bbdf1170529fb4419e6ca197dd80335a0df4c62a16bd5","Thomas","Arroyo","520 Fox Expressway Suite 497
North Jasmine, RI 79115","581"
"34","aparker@yahoo.com","pbkdf2:sha256:600000$K8v9epZ2PDay8lDq$6dd26beab9175b15726081a53b5110d2901ae8e37893d9e867b0fab53da2f13a","Jennifer","Simon","48476 Allison Summit Suite 010
Tonyaview, RI 94899","225"
"35","stephenbeck@yahoo.com","pbkdf2:sha256:600000$Dp4ZCyVfQL27z41y$98a6f23171cc835c80ef4dfee4e93089342f735e3adaa5b298ceb163547dfb9f","Leah","Bell","94930 Madison Streets Apt. 622
Ryanhaven, MD 29335","963"
"36","sandygarcia@gmail.com","pbkdf2:sha256:600000$90VStsgb0mxuAZWD$d61ed1e493e83b7d937153b6a39f44067bd64a7d0aff225909be97ba6bbaab27","Dalton","Fritz","33319 Russell Village
New James, NM 12409","199"
"37","nbaker@gmail.com","pbkdf2:sha256:600000$DOHM41dupuHcWIwQ$b775594d35e58c4ccb95a429433768591e5448d22d100bebab03c54339e8d92d","Erica","Vega","666 Douglas Club Suite 283
Bellshire, FL 75555","142"
"38","joel44@gmail.com","pbkdf2:sha256:600000$QulOTAbrpLiu0wWs$ffc0452e3e6cc7dc52f6c065993f313d5b53c426419ee2a5d7538fd6766573ec","Daniel","Davis","6988 Jennifer Stravenue
Bradshawport, CT 58848","148"
"39","carolyn44@hotmail.com","pbkdf2:sha256:600000$PPz58DD9xPTigtT1$db3285be1e220673cffa7407ef8f322aa53e458a8c79e12b953b8665a54da832","Thomas","Alexander","87210 Pena Freeway
Walshville, MT 08009","571"
"40","bmorris@yahoo.com","pbkdf2:sha256:600000$yo65N6A75GLLEeWJ$9f8d08ce7f3ed62ab482288513e9acd12d08b64d43d49bcc0b79e62e7d18b860","Nathaniel","Perez","5857 Gilmore Stravenue
Melvinburgh, HI 29630","636"
"41","michaelcoleman@yahoo.com","pbkdf2:sha256:600000$qYF2wzTNeKvWHt7L$ca5ab22fd98dc26780c4437b13e5ebf215505d7bee53796a145ed347cf0caa7f","James","Newman","472 Craig Meadows Suite 994
Kelleyport, MT 77284","67"
"42","nancyparrish@yahoo.com","pbkdf2:sha256:600000$F62VvoeozAHOwLQ2$c9bb7c7323f6c87650a14e6a6af1c19a75dac2022dfd10a66d1eb1cb53e7a285","Barry","Hubbard","1600 Miguel Hill
Brianton, RI 06150","83"
"43","denisetaylor@gmail.com","pbkdf2:sha256:600000$ybCTriEkx06cu13A$aefd7117e4deaade5a5a24141a53407025e05079b1350e59556b1ce08eaee4fd","David","Steele","Unit 4585 Box 0002
DPO AA 97569","501"
"44","lindseyeric@gmail.com","pbkdf2:sha256:600000$rHF7d3wudmN1qBSi$614973dda055e19b6be89b732e861ca3a7fb727c61c072d0f9b1ebdd19b98412","Adam","Gregory","5812 Gonzalez Port
South Justinton, KS 01181","239"
"45","johnny46@hotmail.com","pbkdf2:sha256:600000$4W91AFYFFcLNR6xp$43fa5f7dcfcad901c3ec23dd8979c03cc8d63191ad9ca560f33b42561f59408b","Dr.","II","212 Thompson Glens Suite 586
Marshallview, PA 41804","23"
"46","taylorsteven@gmail.com","pbkdf2:sha256:600000$5iQyiVgFqWbky2il$f12e0da6c244dae5bb1c656246de9752fc4fac7f2930470e4aa97a26476f9790","William","Burns","468 Kristopher Curve Apt. 215
North Anthony, NJ 10721","264"
"47","thomasallen@hotmail.com","pbkdf2:sha256:600000$BPilBs5uJSjvAt2C$a8944e8e021aa3563a33b3c69f205085695ff4d63c32ddb85818908a562ab6d3","Christopher","Guerrero","65545 Jaime Run
Danielleburgh, PR 73609","916"
"48","josephmason@hotmail.com","pbkdf2:sha256:600000$KEo5P16eaGNpfNQE$d69714ca812f38ea973e58fefae0e03412fdccb7f8492a37c93a217d2e49f19f","Kathryn","Noble","15233 Keller Wall Suite 978
Kimtown, RI 90203","112"
"49","richard56@yahoo.com","pbkdf2:sha256:600000$ImuHuG6wLvfTSBj5$e5b8dd499471c5d68cdd0ce7c6369b0aca499d7e818de7f651cb92a553d6d3e9","Stacey","Rojas","4475 Henry Valleys
Zacharyport, NV 70521","14"
"50","websterrandy@gmail.com","pbkdf2:sha256:600000$w9hYiVfJCrQYrgbe$a3b53db21fb5c709c13b7b25861000984076a56475f0db073d113bdabfbca2c9","Laura","Morrison","224 Sparks Islands
South Valerie, MA 72097","351"
"51","obarr@hotmail.com","pbkdf2:sha256:600000$cOOmxKWFZh3728DQ$4518078e0bb01e2902b0dccb3d7a5b5c5cae5c0bfdf29a623d34107b60138769","Samantha","Morgan","73065 Kelly Glen
Kerrton, ME 58929","485"
"52","abigailandrews@hotmail.com","pbkdf2:sha256:600000$GkEmpZsDCF2VdvnG$868ae038c284add0af0e4675418066b5959f789061b3474e968cd747b37febe0","Natalie","Galloway","4380 Jones Run
New Jacobfort, WV 86817","153"
"53","santiagocrystal@hotmail.com","pbkdf2:sha256:600000$io5TaEOadRLafys9$46e77bff2d49b337a40b8a9c4e2504aec532550fc3474a59b9450de8310bebbe","Christopher","Berry","66923 Anthony Canyon
Sullivanport, GA 50346","945"
"54","amyscott@yahoo.com","pbkdf2:sha256:600000$WlTgfms6mG6JKFzF$b83b115c9a100f90a1316837e2a745b6b63221b9c0dbcca140925092b2c10876","Mason","Warren","122 Johnson Crescent
New Tabitha, NC 81643","45"
"55","wmontoya@hotmail.com","pbkdf2:sha256:600000$xlvQW9sY4m6cqrj4$083ebe60918058c857eee6b134c53529380703474b7ae6668638ce2b5a8bbd31","Ashley","Cantrell","74389 Chris Union Apt. 564
Sarahville, WY 18910","64"
"56","fitzgeraldtim@hotmail.com","pbkdf2:sha256:600000$iklVRTIN6IQk3QN8$a696e1fdd0a78fccc65d87187f6c10f0aa93d51ea1159c7b9b2e0ac9ad4c3f51","Brianna","Howard","2052 William Rest
North Jessica, MH 74153","944"
"57","michellejackson@hotmail.com","pbkdf2:sha256:600000$8qwUgunmv9nuifwp$1ec1e82b49e9f5d539e56032c608cc303f263140f0fc24fb038c9b22e76c6e23","Mark","Fuller","USNS Martin
FPO AA 01925","94"
"58","porterjoel@hotmail.com","pbkdf2:sha256:600000$LCwmPP8gHcnUworR$c087246b2aa01470a530becdd613723511c17ba1317e17b1c4c43488795a42f6","Thomas","Velasquez","591 Ashley Shores
North Andrewmouth, DE 68242","803"
"59","tammy10@yahoo.com","pbkdf2:sha256:600000$sv9zw2MLA7gA2xZ5$762a9eb2d0c26ae6ef6aaa90c8e704bb15460263cd228dcd90c0f84c36b9cb5c","Christopher","Mitchell","515 Lindsey Village Apt. 594
Travismouth, GA 32478","811"
"60","christianhernandez@gmail.com","pbkdf2:sha256:600000$gRMEX1A912GOt3az$7be5b45c02aeba8f64036784663d3140c6403b63ea962870d95281f1377c7c14","Jeffrey","Griffin","436 Brian Trafficway Apt. 295
North Bob, ND 21817","398"
"61","randallwendy@yahoo.com","pbkdf2:sha256:600000$zzVFhaFvSKVSCv9S$44605d43e6be7a58ed509f40cb8d9342d224deb9271fa812b50b777f0e612dfd","Chase","Foley","5263 Eric Mount Suite 930
Derekmouth, MT 74898","706"
"62","heathercrawford@yahoo.com","pbkdf2:sha256:600000$DVoFI6y7kfO5MgNn$0dd9f69a85a43fa596cace5de89d450c3f4766465c454e422f5d9af06c79e757","Matthew","Cisneros","96654 Kelly Parks
Randybury, WY 61048","754"
"63","pauldiaz@gmail.com","pbkdf2:sha256:600000$N3ZqEndKifSyf0bH$56b1d0153e6469994c346168f9bb207a8a548262ede192d8c09fe7f1a6a307b5","Tyler","Pace","931 Henderson Shores Apt. 948
Pamelaberg, AZ 01714","829"
"64","victorlewis@gmail.com","pbkdf2:sha256:600000$xF7fmKqUS40Rcur9$917d28311ac065cf6c38e5d3a088ebd776b3bd0719dc73204448d5379f220de6","Matthew","Beltran","84638 Lisa Ridges
Melissamouth, KS 67260","927"
"65","armstrongcolleen@gmail.com","pbkdf2:sha256:600000$x0FQXUcnhtCPMNZk$c3b089697ee61199603e57406fb9404633229791265ba629c58b568fb8c2d8de","Sandra","Powell","39594 Kevin Ways Apt. 634
Andrewton, NE 96331","49"
"66","charlotte38@gmail.com","pbkdf2:sha256:600000$N2NE2aNYcq6g0Ty6$57e09c998b24c39eb8cc052b53753e661ad58ae3c6550966ed1c6d3c5b06b9d8","Kristen","Hall","26713 Morgan Crest
South Monica, NM 55598","714"
"67","kristinperry@yahoo.com","pbkdf2:sha256:600000$NrAj7gZ0hDYmhZZJ$8a3af542d4504287f486cbbc8546e0973e25c2bb2622fcca8aa0d140efd54b24","Jacob","Roy","Unit 1844 Box 0663
DPO AE 79652","823"
"68","cbrown@yahoo.com","pbkdf2:sha256:600000$nGjGBUQfWlNJUkWx$ca2a9199a37afd3a8996d05fa2e9f5b7c4f735a94fd430af9f9dcb8eb4be9325","Shannon","Boyd","USCGC Le
FPO AE 34436","854"
"69","patricklopez@hotmail.com","pbkdf2:sha256:600000$2DJD2PBCJdyekDfD$ca4d288b6c3ef89b3b2aab55e1464b8dd3271501c38a1599464629393b43fa32","Jessica","Wilson","554 April Circles Suite 196
Tylerville, VA 60222","352"
"70","osanders@gmail.com","pbkdf2:sha256:600000$OyDHdx2qAnsQXrYX$a1afe5adce27748015fbdbc243c1c35295f0d913d62ccea297db24fe8713d394","Keith","Ramsey","5383 Kimberly Tunnel Apt. 342
South Jesse, CO 30873","629"
"71","cford@hotmail.com","pbkdf2:sha256:600000$9l01gJ18YPyUfVwr$9626e90086df45de62a9a79d07c800532b1dde199b0f2f26176ad3373c6fe63b","Katherine","Ruiz","USS Pearson
FPO AE 99135","796"
"72","privera@gmail.com","pbkdf2:sha256:600000$PTLrwoTUzHlB7cnP$3e329fb29575b18dc79d0f154ff3a8e04e97ddc68fbc94e70d5c544fb0c4b69a","Patricia","Pearson","27901 John Drive Suite 233
New Dominique, AR 59360","895"
"73","brian64@yahoo.com","pbkdf2:sha256:600000$C2X78frgJCNsyFsi$6d80bb2d48a3a89e1f48107aea180d2c0334c1698574fbbabc8eb88ffa9a3a0b","Alan","Pineda","4701 Hall Groves
East Amystad, MN 35533","888"
"74","diazfrank@yahoo.com","pbkdf2:sha256:600000$TacWRSOzXUyJ9zp7$71877f01329d835253bb21f28ef2fcf4670af0af74c37997eabd125f94a0efa9","Jamie","Clark","USS Bullock
FPO AE 79810","347"
"75","qferrell@hotmail.com","pbkdf2:sha256:600000$T08qtMkydyyuRSWq$feb25cbd6b18ed39ed0a504b31ef91efff839ecd8e92d4a616065fe1d3386c72","David","Harris","9052 Miller Shores
Knappberg, TN 60227","13"
"76","patrick19@yahoo.com","pbkdf2:sha256:600000$aIMzAKtnSjRmXkeF$abfd171126910ed54d2c362ca5dff8345b31d6f53eac001b1bdee3cad2cbcf41","John","Coleman","3990 Terri Tunnel Suite 324
South Monica, RI 14378","406"
"77","brookeclark@yahoo.com","pbkdf2:sha256:600000$wrnSucacql3cNZdQ$82cb825a85a9a3b4342ccd6fb073040425961117ae871c7f77c7627d06945baf","Katelyn","Howell","542 Kim Lodge
Michaelfort, PR 54847","983"
"78","kellywright@gmail.com","pbkdf2:sha256:600000$EmxY7zby4h4mf6bu$fac588249440894d6d9e1a0ac50fbb39e8f45fd208c2e77bbf0981c72a06d405","Joshua","Jacobs","5507 William Brook
Wrightview, RI 96776","757"
"79","zrose@yahoo.com","pbkdf2:sha256:600000$fUqg67g93r0O4VWs$049b5a03431fa13a7d7041033e3e7c0fb291eb50b332742fc142d281c90a04d6","Johnathan","Hill","PSC 5651, Box 8297
APO AP 77352","152"
"80","stevemartinez@hotmail.com","pbkdf2:sha256:600000$rfXQX8YAdio2O7Xz$7b27655d61567ee7fcfbed2a1d6ee416f6e056b88f29344ecfb8b3df8cb62959","John","Spence","2840 Stephanie Falls Suite 482
New Chad, IA 66166","769"
"81","kabbott@gmail.com","pbkdf2:sha256:600000$cXymuURSgCRE2hs9$f6ba6ba15c14cceb7d13da86baf240a928f5ce76fd34df55c69c75551b94ddfa","Ryan","Medina","6995 Patterson Field
South Brent, ID 06090","531"
"82","john35@hotmail.com","pbkdf2:sha256:600000$GmCtcJr4Gem9NpgI$253156a6a8b34cf87f2ba6f1dc3c40dc2ee369d672e56f514c81c704a5989b66","Susan","Jones","41576 Mendez Brook Apt. 199
Gonzalesmouth, NY 01480","283"
"83","xgarcia@yahoo.com","pbkdf2:sha256:600000$hqAClIGUZ8G2NJTB$7c9be8ad4a1dc7cf34fe128f72e818c20633768d0e6a598699a36388c8f3db4b","Mr.","Sanchez","742 Daniel Flats
East David, ID 65643","181"
"84","meganhernandez@gmail.com","pbkdf2:sha256:600000$t5Ym328XsELV6CmP$85a1767ff1fe75acdeb289a18a676044d5c554f3f506af67dedb9ec93c1438e2","Samantha","Jarvis","89764 John Keys Suite 263
Browntown, KY 79820","411"
"85","lcollins@gmail.com","pbkdf2:sha256:600000$fjHMwCVmgIDJquyu$a864082a0429b750604da07eaae76f66f0c1ea3af4f7486d3c48e8ad1ea36eaa","John","Graves","5877 Clark Plains
Sweeneyville, WA 28933","937"
"86","john71@hotmail.com","pbkdf2:sha256:600000$q4C6rqKLZrAppfKT$3ca8d95da7b5f9c029ee23ba8a053911b457eaafe8133302e512af9fb34bfb83","George","Butler","57715 Harper Street
Barryborough, NC 38824","765"
"87","deborah72@hotmail.com","pbkdf2:sha256:600000$NkMJsJdvJnFFrF2P$7f19cd22182b91823be2dfbe7a62a651bee4e9dff8b389f13ae9d236320f1dc3","Shawn","Gregory","747 Lee Ford Apt. 772
Port Russell, KY 29064","385"
"88","irwinwyatt@gmail.com","pbkdf2:sha256:600000$dmMokbCgj25usaKM$119f6ebc67a4264d615c78d456dba1a2f4728b8561091b185fd052216a8e0fc9","David","DDS","0122 Hill Crossroad Apt. 255
Port Stephanie, IA 77834","500"
"89","pbrown@yahoo.com","pbkdf2:sha256:600000$LkXLezpcqn86ebYk$887da77d7a1bc1eff66edd94a3015aa220801a2419f78615d12a6416f1de05de","Mark","Chapman","89530 Anita Shoals
Ronaldport, MP 42703","999"
"90","elizabethyang@gmail.com","pbkdf2:sha256:600000$PA9svkPWKUqld5r6$d3dddc9fa55668302b61306df52a8f58872e5f214c064865ea569e8e5a078090","Savannah","Miller","300 Salazar Square Apt. 339
Boyerhaven, VI 23452","4"
"91","linda77@hotmail.com","pbkdf2:sha256:600000$4O0Ix1UmGNclLpaV$f96250d5ac0ccb31512b9afed9e24c034e1a751d2210a360b3dcbc95e033d54b","Nicholas","Duarte","72103 Perez Road
Lake James, LA 57278","586"
"92","smithrichard@gmail.com","pbkdf2:sha256:600000$dzi2l1TXhDoGS20a$2e7d68d31beed9623b913228582bbeb3598dd73b8f96976135a8ef027725ea84","Deanna","Washington","7398 Rodriguez Lock Apt. 159
Lake Michelle, AK 66100","209"
"93","yolanda44@gmail.com","pbkdf2:sha256:600000$g4bE4lxq4RJFzK07$aac0354a2ee09e5c5e5282f2e999578a087b847649193c80749e41e20b124bc8","Patrick","Cox","50019 Rodriguez Junction Apt. 555
Dylanmouth, CO 33868","598"
"94","jacqueline52@hotmail.com","pbkdf2:sha256:600000$tX2vNsnf4b7vJMi5$f9da65da6902bcfa8cdea3d8e818f73381da66133c99743e746c271a4ee47f26","Stanley","Rivas","5711 Frederick Field Suite 402
Lake Stephaniemouth, LA 87177","592"
"95","jkennedy@gmail.com","pbkdf2:sha256:600000$4j2E5FdrT59OUCTl$e6e4823e4c5551ee19f49554afc724139827a6fed8bf647b69de761e7eeb266d","Rebecca","Sandoval","15271 Martin Camp Apt. 444
New Elizabeth, PW 27679","647"
"96","jesseedwards@gmail.com","pbkdf2:sha256:600000$Y0W1rqaYcPePBInA$2de1a9d915c2639802783f5791482582572122666f0c5e7c24e0745c1c61540a","Justin","Anderson","580 Morrison Oval
Mosleyburgh, KS 90225","38"
"97","kathleen81@gmail.com","pbkdf2:sha256:600000$HHUkA8Nj4aHjwGdL$440e2a0dddc8ff4e27f40044812fb59842e4dac511cacade35e421e5ec336149","Jay","Butler","710 Fox Islands
Kimberlymouth, NJ 83584","68"
"98","jenniferthomas@gmail.com","pbkdf2:sha256:600000$c5YNP8A2YXSdFf58$9667ae8d3536f05ac79b8b05c5e2264f78a24d09b95d5cdfd7ac741d1e76c3c6","Jonathan","Dawson","80838 Johnson Curve Apt. 813
South Nathan, CA 54125","628"
"99","stephen01@gmail.com","pbkdf2:sha256:600000$jDiuWviIGwaEqG5U$be37fbac2d7432fbe9730f3cf0e901794f48d79f4a12dc148a7d21ab60f3dd5e","Amy","Decker","814 Williams Trail Suite 707
Port Jacqueline, UT 81192","685"
